transaction_id,customer_name,transaction_date,category,amount,payment_method,city
TXN0001,Stephanie Clark,2024-06-20,Rent,48885.62,Net Banking,Williamsmouth
TXN0002,Joseph Brown,2024-02-19,Bills,15687.68,UPI,Lake William
TXN0003,Zachary Lozano,2024-01-12,Healthcare,74460.01,Debit Card,Hansenberg
TXN0004,Matthew Johnson,2024-06-22,Rent,4489.63,Cash,Ericport
TXN0005,Steven Garcia,2024-05-10,Travel,64791.99,Debit Card,Heatherville
TXN0006,Keith Ball,2024-04-22,Healthcare,32008.1,Credit Card,Thomasburgh
TXN0007,Dustin Pratt,2024-03-10,Shopping,14260.06,Credit Card,Greenefurt
TXN0008,Stephen Jarvis,2024-12-13,Salary,65541.11,Credit Card,Wadeborough
TXN0009,Karen Oliver,2024-04-08,Healthcare,14356.92,Cash,New Bethanyside
TXN0010,Jonathan Michael,2024-11-15,Bills,11658.77,Debit Card,Petersonberg
TXN0011,Lori Barker,2024-06-18,Rent,74816.5,Cash,Port Samuelfurt
TXN0012,Aaron Thomas,2024-04-16,Food,45935.73,Credit Card,Danielville
TXN0013,Jamie Jones DDS,2024-07-21,Bills,88435.06,Net Banking,Williamberg
TXN0014,Bradley Larson,2024-11-30,Investment,1708.7,Credit Card,Danielton
TXN0015,Brenda Powell,2024-09-22,Salary,16947.47,Debit Card,East Ianmouth
TXN0016,Nicole Pruitt,2024-06-07,Investment,41039.57,UPI,Rogerfurt
TXN0017,Geoffrey Rush,2024-08-31,Investment,22704.68,Net Banking,Lake Sherryburgh
TXN0018,Nathaniel Ward,2024-08-19,Food,15429.91,Debit Card,Bensonville
TXN0019,Alicia Ortiz,2024-07-30,Food,68476.78,Cash,West Peggychester
TXN0020,Jason Phillips,2024-12-17,Shopping,46085.36,Net Banking,Alexanderberg
TXN0021,Courtney Ferguson,2024-09-20,Healthcare,72858.03,Credit Card,Fieldsstad
TXN0022,Andrew Thompson,2024-04-17,Rent,71789.33,Credit Card,Bennetthaven
TXN0023,Blake Jones,2024-03-25,Salary,48066.76,Credit Card,Richardberg
TXN0024,Misty Walker,2024-06-01,Travel,77936.77,Credit Card,West Kellyshire
TXN0025,Ian Craig,2024-05-19,Investment,24515.69,UPI,Joshuafurt
TXN0026,Makayla Jensen,2024-09-02,Travel,96905.71,Net Banking,Port Josephberg
TXN0027,Mr. Jason Todd,2024-01-16,Healthcare,75136.89,UPI,Christopherville
TXN0028,Amanda Martin,2024-09-19,Travel,22468.44,Net Banking,Jeffreyfurt
TXN0029,Timothy Smith,2024-08-07,Travel,97477.42,Cash,East Jamestown
TXN0030,Anthony Phelps,2024-02-16,Shopping,37089.73,Debit Card,Hunterchester
TXN0031,Chad Perez,2024-05-18,Food,61867.86,UPI,Jarvisfurt
TXN0032,Brandi Harrell,2024-10-28,Food,90139.4,Cash,Jasonburgh
TXN0033,Ronald Bonilla,2024-11-01,Healthcare,72782.2,Debit Card,Glennfurt
TXN0034,John Bradley,2024-04-12,Shopping,12412.57,UPI,Williambury
TXN0035,Randy Cordova,2024-07-05,Healthcare,96267.56,Debit Card,Lake Jonathan
TXN0036,George Lam,2024-01-20,Investment,1402.13,Cash,West Sharon
TXN0037,Tiffany Conner DDS,2024-03-05,Travel,15108.6,Debit Card,West Lindaview
TXN0038,Laura Morgan,2024-07-09,Travel,96344.47,Cash,East Robertfurt
TXN0039,Shannon Miller,2024-11-21,Food,21301.59,Net Banking,Port Wesley
TXN0040,Katherine Obrien,2024-12-29,Healthcare,7816.01,UPI,Williamsport
TXN0041,Dylan Thornton,2024-10-18,Rent,2407.86,Cash,Isaacbury
TXN0042,Cody Reyes,2024-03-03,Rent,4742.02,Credit Card,Howardland
TXN0043,Vanessa Wilkinson,2024-02-08,Shopping,17330.25,Cash,North Jessica
TXN0044,Tracy Kim,2024-04-05,Bills,54292.13,Net Banking,Port Steven
TXN0045,Jason Green,2024-01-26,Investment,33194.85,Cash,North Carlos
TXN0046,Tammy Russell,2024-02-04,Shopping,6120.11,Cash,New Kurtmouth
TXN0047,Stephen Garcia,2024-05-29,Food,14877.33,Cash,Feliciaside
TXN0048,Steven Young,2024-08-21,Investment,94226.22,Net Banking,Lake Stacyland
TXN0049,Steven Wells,2024-01-15,Healthcare,56768.24,Debit Card,Austinfort
TXN0050,Tiffany Wallace,2024-07-17,Travel,33472.43,Cash,South Chelseamouth
TXN0051,Christopher Davidson,2024-11-01,Food,18573.79,Debit Card,Woodshaven
TXN0052,Zachary Ortiz,2024-03-10,Food,22242.64,Net Banking,Wyattmouth
TXN0053,Christy Jacobs,2024-08-12,Healthcare,66039.15,Debit Card,West Johnstad
TXN0054,George Perkins,2024-05-13,Salary,43921.76,Cash,Glenville
TXN0055,Tyler Brown,2024-12-13,Salary,69431.05,UPI,Montesmouth
TXN0056,Sabrina Summers,2024-08-13,Rent,7005.08,Credit Card,Meganhaven
TXN0057,Zachary Duffy,2024-06-21,Healthcare,7564.63,Debit Card,Adrianaside
TXN0058,Janet Wilson,2024-04-14,Bills,90307.92,UPI,Aliciaport
TXN0059,Karen Moore,2024-01-15,Investment,32134.69,Debit Card,Sharonview
TXN0060,Thomas Williams,2024-07-08,Investment,98208.63,UPI,Chenberg
TXN0061,Thomas Carpenter,2024-07-05,Salary,89199.05,UPI,West Robert
TXN0062,Raymond Saunders,2024-05-26,Healthcare,35503.48,Cash,East Mirandastad
TXN0063,Emily Patterson,2024-01-04,Healthcare,49453.3,UPI,North Chelseatown
TXN0064,Dr. Sarah Ross,2024-12-14,Bills,93383.01,Net Banking,New Jesse
TXN0065,Michael Hamilton,2024-05-20,Bills,22603.75,UPI,South Nicolas
TXN0066,William Silva,2024-10-24,Rent,81182.77,Debit Card,Bellborough
TXN0067,Marcia Jackson,2024-01-20,Salary,13102.2,Cash,West Dennis
TXN0068,Julia Rhodes,2024-07-22,Bills,16532.48,Debit Card,Josephbury
TXN0069,Shannon Ross,2024-01-10,Shopping,67895.7,Cash,Lake Julie
TXN0070,Christian Huerta,2024-09-15,Travel,21788.34,Net Banking,West Dustinville
TXN0071,Gabriel Dunn,2024-06-02,Rent,88863.2,Credit Card,Williamtown
TXN0072,Kimberly Munoz,2024-01-14,Bills,47654.25,Credit Card,Bakerland
TXN0073,Meghan Rodriguez,2024-07-02,Travel,5713.84,Net Banking,Tannerbury
TXN0074,Courtney Fitzgerald,2024-04-19,Food,57337.92,Credit Card,South Samanthaberg
TXN0075,Brian Williamson,2024-02-11,Shopping,91094.74,UPI,East Mackenzie
TXN0076,Jose Long DDS,2024-11-05,Investment,94475.99,UPI,West Jasonland
TXN0077,Kristin Perry,2024-11-15,Healthcare,57411.87,Debit Card,Port Heathertown
TXN0078,Penny Moore,2024-09-16,Healthcare,464.23,UPI,Lake Mark
TXN0079,Peggy Robinson,2024-08-24,Healthcare,71643.39,UPI,Saraburgh
TXN0080,Nicole Garcia,2024-03-06,Shopping,34687.82,Net Banking,Lake Janemouth
TXN0081,Mary Lara,2024-09-06,Salary,97252.48,Net Banking,Patriciamouth
TXN0082,Nancy Hunter,2024-04-07,Investment,28551.12,Net Banking,South Shawn
TXN0083,Jennifer Hansen,2024-11-13,Food,14526.99,Credit Card,Port Amanda
TXN0084,Travis Mitchell,2024-03-23,Healthcare,37048.87,Cash,South Tonyside
TXN0085,Jamie Wood,2024-03-02,Shopping,90792.81,UPI,Peckville
TXN0086,Sara Mason,2024-11-25,Healthcare,60924.95,UPI,West Alanside
TXN0087,Scott Hudson,2024-03-10,Investment,40427.58,UPI,North Vickiton
TXN0088,Carl Howard,2024-03-03,Healthcare,44824.34,UPI,New Nathanport
TXN0089,Sara Wright,2024-12-21,Salary,30284.63,Credit Card,New Jamesshire
TXN0090,Timothy Sanders,2024-11-03,Healthcare,11208.16,UPI,Billyhaven
TXN0091,Elizabeth Griffith,2024-05-15,Salary,45327.17,Net Banking,New Jonathan
TXN0092,Lori Matthews,2024-08-06,Rent,92001.96,Cash,Victormouth
TXN0093,Zachary Rivas,2024-04-18,Travel,69694.25,Debit Card,Henryfort
TXN0094,Renee Duarte,2024-06-01,Salary,69547.57,UPI,West Bradley
TXN0095,Angel Sanchez,2024-06-29,Food,93719.46,Cash,Adamtown
TXN0096,John Walker,2024-06-15,Travel,69037.47,Credit Card,East Matthewburgh
TXN0097,Jennifer Guerrero,2024-08-22,Salary,54757.5,Cash,Lake Melissa
TXN0098,Jay Woodward,2024-05-28,Shopping,69136.56,UPI,East Jenniferbury
TXN0099,Emily Barnes,2024-02-05,Rent,17074.31,Debit Card,South Amanda
TXN0100,Michael Case,2024-03-24,Shopping,19551.88,Debit Card,Annetteside
TXN0101,Noah Ramsey,2024-09-24,Shopping,18174.71,Credit Card,Brownstad
TXN0102,Michael Nguyen,2024-09-06,Food,96113.9,UPI,Wallsmouth
TXN0103,James Anthony,2024-01-20,Shopping,47905.26,Cash,Laceyton
TXN0104,Bobby Brooks,2024-08-09,Rent,22884.15,UPI,North Hollyfurt
TXN0105,Allison Hill,2024-08-01,Travel,45436.01,Cash,Jasminechester
TXN0106,Lauren Evans,2024-06-16,Healthcare,90120.64,Cash,West Taraburgh
TXN0107,Nicole Howard,2024-12-28,Bills,44383.58,Cash,Hoodton
TXN0108,Cheryl Herrera,2024-08-02,Investment,18550.41,UPI,Lake Richard
TXN0109,Angela Petersen,2024-10-07,Travel,51233.09,Cash,Woodborough
TXN0110,Carrie Wagner,2024-06-25,Healthcare,73376.51,UPI,Port Jamesland
TXN0111,Daniel Smith,2024-10-19,Rent,70481.55,Cash,Parkstad
TXN0112,Jorge Simpson,2024-06-20,Healthcare,45461.9,Cash,Gregoryland
TXN0113,Robert Young,2024-09-07,Salary,34460.92,Net Banking,Lunamouth
TXN0114,Mary Jackson,2024-04-25,Salary,5261.02,Net Banking,Ashleyfurt
TXN0115,Anthony Powell,2024-11-21,Rent,96295.45,Net Banking,North Luisbury
TXN0116,Mark Roberts,2024-10-16,Rent,93446.54,UPI,East Tammy
TXN0117,David Mullins,2024-03-08,Salary,80156.45,UPI,North Ashleyberg
TXN0118,Steven Lopez,2024-09-03,Healthcare,67577.02,Credit Card,Mollyburgh
TXN0119,Jamie Randall,2024-01-27,Healthcare,13625.89,Debit Card,North Lance
TXN0120,Jo Martinez,2024-01-08,Travel,41144.76,Net Banking,Port Lindsay
TXN0121,Chad Hardin,2024-08-10,Salary,61080.31,Net Banking,South Caroline
TXN0122,Andrea May,2024-09-23,Healthcare,83549.85,Cash,Jenniferbury
TXN0123,Patrick Elliott,2024-09-05,Shopping,16213.34,Cash,Karenhaven
TXN0124,Jonathan Powers,2024-09-21,Rent,87457.93,Debit Card,Harmonchester
TXN0125,Vanessa Baker,2024-10-01,Investment,81766.83,UPI,Paulamouth
TXN0126,Maria Hamilton,2024-04-18,Travel,15013.32,Net Banking,Anneville
TXN0127,Luis Ball,2024-12-23,Healthcare,81629.48,Debit Card,Kellyshire
TXN0128,Richard Lewis,2024-06-04,Food,76958.93,Net Banking,Jamesstad
TXN0129,Donald Baker,2024-05-12,Shopping,53448.28,Debit Card,North Lauriehaven
TXN0130,Leah Castillo,2024-02-14,Investment,94489.37,Cash,Lake Steven
TXN0131,Lisa Garrett,2024-01-26,Investment,843.1,Net Banking,Port Joshuashire
TXN0132,Rachel Chavez,2024-08-30,Shopping,2329.06,Debit Card,Lake Erica
TXN0133,Alicia Thomas,2024-03-17,Food,15024.19,Debit Card,Stephaniefurt
TXN0134,Daniel Coleman,2024-06-01,Travel,83414.88,Debit Card,Greenefort
TXN0135,Thomas Mcknight,2024-01-02,Travel,33001.67,Debit Card,West Isaiah
TXN0136,Julie Gomez DVM,2024-01-01,Bills,62860.34,Net Banking,West Andrewstad
TXN0137,Lisa Jackson,2024-09-11,Healthcare,26787.17,Net Banking,Phillipsmouth
TXN0138,Diana Winters,2024-05-19,Shopping,47129.31,Cash,North Michaelhaven
TXN0139,Richard Sandoval,2024-08-24,Healthcare,45008.6,UPI,Gonzalezstad
TXN0140,John Bailey,2024-08-20,Bills,12005.39,Cash,Smithland
TXN0141,Eddie Hill,2024-11-20,Healthcare,8751.74,UPI,Anthonyburgh
TXN0142,Peter Torres,2024-09-01,Food,72102.37,Cash,Lake Curtis
TXN0143,Chelsea Black,2024-08-11,Salary,10697.96,Credit Card,Stoneside
TXN0144,Paige Meyer,2024-01-19,Shopping,31789.35,Net Banking,Harrellmouth
TXN0145,Mark White,2024-07-11,Bills,91237.76,Net Banking,Lauraville
TXN0146,Kevin Ochoa,2024-01-03,Investment,49621.07,Credit Card,West Garrett
TXN0147,Vickie Downs,2024-02-17,Food,34608.24,Net Banking,Robinbury
TXN0148,Kimberly Robinson MD,2024-05-17,Bills,1936.81,Cash,Port Ruben
TXN0149,Derek Williams,2024-12-27,Travel,36395.75,Cash,East Kaitlyn
TXN0150,Ronald Lee,2024-10-22,Bills,34582.93,Cash,Port Jenniferberg
TXN0151,Steve Taylor,2024-10-05,Shopping,35369.89,Net Banking,Ginaton
TXN0152,Samuel Brown,2024-03-09,Travel,14283.29,UPI,Hensonborough
TXN0153,Herbert Jimenez,2024-06-24,Food,2009.75,Credit Card,Garciaburgh
TXN0154,Deborah Carroll DDS,2024-01-06,Food,83124.53,Cash,South Donnaville
TXN0155,Wendy Flowers,2024-12-02,Food,52254.28,Cash,Jacobsonborough
TXN0156,Jamie Howard,2024-11-04,Healthcare,37571.74,UPI,West Nicole
TXN0157,Joseph Vega,2024-12-31,Bills,66128.18,Credit Card,Flemingside
TXN0158,Megan Hoffman,2024-03-04,Travel,36902.79,Net Banking,North Morganborough
TXN0159,Diana Scott,2024-11-15,Healthcare,84374.88,Cash,Larsonfurt
TXN0160,Chase Browning,2024-02-15,Investment,1665.23,UPI,North Mason
TXN0161,Cynthia Shields,2024-02-18,Bills,4310.88,UPI,Johnton
TXN0162,Mark Shepard,2024-03-12,Travel,50292.09,UPI,Gordonview
TXN0163,Jessica West,2024-09-02,Shopping,17625.13,UPI,East Colleenburgh
TXN0164,Logan Brown,2024-04-22,Rent,70843.77,Debit Card,Claytonton
TXN0165,Christine Williams,2024-05-20,Rent,11840.69,Net Banking,Port Bethany
TXN0166,Kendra Bradley,2024-06-15,Food,40530.76,Credit Card,Clarktown
TXN0167,Stacy Simmons,2024-11-13,Investment,72077.7,Debit Card,Torresside
TXN0168,Frank Johnson,2024-04-23,Bills,59132.93,Cash,West Lisa
TXN0169,Amanda Clark,2024-04-29,Salary,62922.41,Net Banking,New Nicholasfurt
TXN0170,Krista Norton,2024-11-10,Investment,76939.3,Credit Card,South Sharonton
TXN0171,Daniel Wong,2024-10-07,Healthcare,87246.48,UPI,West Jason
TXN0172,Kristin Martinez,2024-11-24,Shopping,47286.51,UPI,Mikeborough
TXN0173,Matthew Reed,2024-06-14,Travel,66376.44,UPI,Millershire
TXN0174,Amy Nichols,2024-04-14,Rent,2165.54,Cash,Kramerport
TXN0175,Edward Thompson,2024-06-28,Food,45938.24,UPI,North Jamesbury
TXN0176,Katherine Gilmore,2024-09-14,Bills,82735.88,Debit Card,Lake Mitchell
TXN0177,Melinda Coleman,2024-05-25,Bills,53793.11,Credit Card,East Samuelborough
TXN0178,Leslie Becker,2024-10-31,Shopping,79968.89,Cash,South Neil
TXN0179,Karen Smith MD,2024-09-16,Food,98170.08,Credit Card,Zimmermanton
TXN0180,Randy Mitchell,2024-06-10,Investment,39576.31,Credit Card,New Jennifer
TXN0181,James Schneider,2024-10-16,Bills,52852.47,Cash,New Pamelaberg
TXN0182,Amanda Walker,2024-03-26,Investment,85923.7,Cash,Bakerhaven
TXN0183,Nicole Young,2024-02-12,Shopping,99503.2,UPI,Anabury
TXN0184,Stacey Estrada,2024-08-31,Shopping,26094.43,Cash,Gregoryhaven
TXN0185,Charles Parker,2024-01-06,Shopping,55386.67,Net Banking,Martinberg
TXN0186,Adam Garner,2024-08-04,Salary,60264.89,Credit Card,Christophermouth
TXN0187,Eric Schmidt,2024-02-04,Investment,60830.98,Net Banking,Littleside
TXN0188,Zachary Golden,2024-12-26,Healthcare,32666.03,Credit Card,Shawfurt
TXN0189,Kevin Meyer MD,2024-08-23,Healthcare,31914.33,UPI,Coxport
TXN0190,Michael Wong,2024-04-08,Travel,24419.76,Cash,East Anthonyhaven
TXN0191,Laurie Perez,2024-02-02,Salary,48400.91,UPI,Alexanderton
TXN0192,Brittany Lane,2024-12-13,Salary,24460.62,Debit Card,East Mary
TXN0193,Miss Brittany Robinson,2024-12-28,Rent,65871.31,Net Banking,Penamouth
TXN0194,Monica Nelson,2024-02-08,Healthcare,38115.05,Credit Card,Gonzalezfort
TXN0195,Shelly Brown,2024-01-07,Bills,71384.3,Cash,Williamsstad
TXN0196,Robert Randall,2024-08-10,Salary,13854.86,Net Banking,West Rachel
TXN0197,Christina Stevenson,2024-11-09,Shopping,83917.92,UPI,Simmonsmouth
TXN0198,Kathleen Johnston,2024-12-17,Travel,68879.08,UPI,Ryanfort
TXN0199,Reginald Carrillo,2024-12-28,Salary,82464.38,Debit Card,Pennyberg
TXN0200,Jonathan Tucker,2024-03-11,Rent,47356.91,Debit Card,Angelamouth
TXN0201,Stephen Holmes,2024-04-14,Shopping,63970.92,Credit Card,Jesseview
TXN0202,Jacob Wiley,2024-03-12,Travel,48813.19,UPI,Masseybury
TXN0203,Wendy Garcia,2024-12-20,Food,4634.33,Cash,Ashleyberg
TXN0204,Anthony Aguilar,2024-03-02,Shopping,48007.06,UPI,Christopherville
TXN0205,Jonathan Reed,2024-10-29,Rent,69058.72,Debit Card,North Charles
TXN0206,Cheryl Ponce,2024-09-24,Bills,59627.97,UPI,Adammouth
TXN0207,Chelsea Thomas,2024-08-14,Rent,31168.5,UPI,South Jeffmouth
TXN0208,Sarah Gonzales,2024-03-18,Salary,79483.76,Cash,Bennettmouth
TXN0209,Elizabeth Patterson,2024-05-22,Food,4449.76,Debit Card,Tammychester
TXN0210,Brendan Johnson,2024-07-04,Healthcare,60925.65,Net Banking,Brittneyhaven
TXN0211,Alexis Hall,2024-03-28,Shopping,86704.15,Credit Card,North Aliceside
TXN0212,Victoria Mcguire,2024-06-15,Rent,20828.74,Net Banking,Nancyfort
TXN0213,Daniel Knapp,2024-02-25,Salary,68710.27,Debit Card,Taylormouth
TXN0214,Jason Fleming,2024-03-03,Rent,71222.27,UPI,Lake Cassandra
TXN0215,Sara Harris PhD,2024-07-05,Travel,78669.28,UPI,West Jose
TXN0216,Tyler Barnes,2024-03-25,Investment,6422.6,Debit Card,West Stephanie
TXN0217,Jeremiah Herrera,2024-09-10,Healthcare,48545.19,UPI,East Robert
TXN0218,Jacqueline Sanford,2024-10-11,Investment,4891.41,Debit Card,Jacobshire
TXN0219,Daniel Banks,2024-01-28,Rent,41440.46,Net Banking,Jenkinsville
TXN0220,David Lang,2024-07-02,Shopping,36943.33,Cash,Gibsonburgh
TXN0221,Christopher Burgess,2024-09-08,Shopping,1725.06,Debit Card,Lake Jeffrey
TXN0222,Shelley Cruz,2024-08-19,Investment,94649.8,UPI,Burtonland
TXN0223,Paul Mckinney,2024-01-30,Rent,47012.58,Debit Card,Shawnland
TXN0224,Jonathan Chase,2024-10-12,Bills,44295.22,Cash,Tracihaven
TXN0225,Patricia Graves,2024-09-13,Salary,52803.49,Debit Card,Tonyville
TXN0226,Caitlin Patel,2024-05-09,Investment,2210.94,Cash,New Collinberg
TXN0227,Paul Gutierrez,2024-12-17,Food,25477.94,Cash,Port Angela
TXN0228,John Taylor,2024-04-05,Healthcare,40839.26,UPI,Trujillobury
TXN0229,Angela Smith,2024-08-22,Food,34534.05,Net Banking,Castroshire
TXN0230,Jessica Bailey,2024-08-16,Food,51018.31,UPI,Port Annamouth
TXN0231,Bryan Matthews DVM,2024-03-06,Food,57052.56,Net Banking,South Darrell
TXN0232,Diane Alvarez,2024-03-22,Travel,46184.99,Cash,South Edwardberg
TXN0233,Felicia Chan,2024-10-03,Rent,70495.5,Net Banking,Rossberg
TXN0234,Kristopher Wood,2024-09-27,Healthcare,17910.18,Net Banking,West Angelamouth
TXN0235,Andrew Carr,2024-06-05,Travel,50087.5,Credit Card,Ashleytown
TXN0236,Robert Salazar,2024-07-29,Rent,90620.16,Net Banking,West Allen
TXN0237,Denise Lewis,2024-01-19,Healthcare,90041.53,UPI,Stewartfurt
TXN0238,Justin Ramirez,2024-06-07,Bills,63717.2,Net Banking,Robertchester
TXN0239,Mark Henson,2024-09-02,Bills,92384.7,Debit Card,South James
TXN0240,Angela Collins,2024-03-31,Shopping,47795.36,UPI,West Bradborough
TXN0241,Theodore Hughes,2024-03-30,Salary,52884.29,Net Banking,Garciaborough
TXN0242,Edgar Parker,2024-07-06,Travel,12635.73,Cash,Port Kenneth
TXN0243,Judy Oneill,2024-10-02,Food,12724.5,Credit Card,Danielburgh
TXN0244,Jonathan Romero,2024-07-11,Shopping,46130.22,Credit Card,Johnsonside
TXN0245,Stacey Everett,2024-04-06,Salary,60514.7,Cash,Justinport
TXN0246,Valerie Moreno,2024-06-22,Healthcare,62846.11,Net Banking,East Michael
TXN0247,Hannah Edwards,2024-07-19,Healthcare,48459.99,Net Banking,Rebeccatown
TXN0248,Brian Jennings,2024-02-06,Rent,29994.07,Credit Card,North Christian
TXN0249,Shawn Stevenson,2024-06-29,Bills,36505.94,UPI,Lake Ashley
TXN0250,Kathleen Hess,2024-03-22,Travel,69724.85,UPI,Abigailton
TXN0251,Elijah Brown Jr.,2024-11-27,Healthcare,28600.25,Net Banking,Wendymouth
TXN0252,David Crawford,2024-09-14,Rent,74800.81,Net Banking,New Kirstenborough
TXN0253,Leslie Brown,2024-05-27,Salary,70523.39,UPI,South George
TXN0254,Sandra Hayes,2024-04-21,Healthcare,98511.73,Cash,North Garrett
TXN0255,Victoria Martinez,2024-06-07,Food,93048.31,Debit Card,New Jeffrey
TXN0256,Courtney Middleton,2024-03-10,Bills,55027.65,UPI,Port Pamelaside
TXN0257,Lisa Daniels,2024-04-27,Travel,29502.01,Cash,Bradleyhaven
TXN0258,Jennifer Davis,2024-07-10,Investment,92975.89,Cash,Lake Josephside
TXN0259,Judith Mejia,2024-12-16,Salary,18742.55,Debit Card,Port Kevin
TXN0260,Tracy Reed,2024-10-03,Shopping,21408.87,UPI,Ashleyside
TXN0261,Shaun Myers,2024-05-10,Food,3694.12,Credit Card,North Erik
TXN0262,James Hall,2024-01-07,Rent,78035.74,Cash,West Michaelton
TXN0263,John Nguyen,2024-04-30,Investment,83051.23,Debit Card,Port Anthonymouth
TXN0264,Robert Murray,2024-06-06,Travel,9198.89,Debit Card,North Joshua
TXN0265,Sean Clark,2024-12-21,Healthcare,97903.33,Net Banking,Leechester
TXN0266,Deborah Smith,2024-08-26,Salary,84850.88,Credit Card,Noblehaven
TXN0267,Ryan Steele,2024-09-20,Healthcare,73429.77,Credit Card,North Maryborough
TXN0268,John Wood,2024-12-25,Travel,42719.9,Net Banking,South Rachelhaven
TXN0269,Paul Spencer,2024-04-06,Healthcare,57067.78,UPI,Michelleville
TXN0270,Abigail Contreras,2024-03-12,Rent,88225.66,Net Banking,Lake Christineton
TXN0271,Gregory Kim,2024-05-11,Healthcare,56731.03,Credit Card,New William
TXN0272,Christopher Walker,2024-05-18,Salary,24872.62,Credit Card,Juarezchester
TXN0273,Calvin May,2024-12-19,Shopping,92080.75,Net Banking,Kevinchester
TXN0274,Dr. Katie Aguilar PhD,2024-03-28,Shopping,99896.56,UPI,New Vickiechester
TXN0275,Christopher Rodriguez,2024-09-18,Bills,12219.94,UPI,Villanuevashire
TXN0276,Matthew Dunn,2024-09-22,Food,57444.14,Credit Card,South Jennifer
TXN0277,Jay Pham DDS,2024-07-07,Salary,35224.2,UPI,Savannahtown
TXN0278,Rebecca Smith,2024-03-28,Shopping,7583.37,Credit Card,Chanmouth
TXN0279,Elizabeth Byrd,2024-01-09,Investment,20240.43,Net Banking,East Barbara
TXN0280,Christine Fernandez,2024-09-20,Rent,22577.36,Credit Card,Johnsonburgh
TXN0281,Sharon Hernandez,2024-01-17,Food,62240.38,Debit Card,New Reginaport
TXN0282,John Cantrell,2024-02-27,Rent,74372.96,Net Banking,Bradfurt
TXN0283,Raymond Maxwell,2024-08-17,Rent,17979.72,Debit Card,South Sophiastad
TXN0284,Connie Cisneros,2024-07-16,Food,67958.3,Debit Card,West Erinberg
TXN0285,Douglas Smith,2024-01-28,Bills,19132.66,Credit Card,Port Amber
TXN0286,Caitlin Blackwell,2024-12-12,Travel,73298.11,Credit Card,Taylormouth
TXN0287,William Jimenez,2024-06-27,Investment,92906.41,Debit Card,Lake Kendra
TXN0288,Anna Hodges,2024-05-29,Healthcare,55602.51,Net Banking,Fosterton
TXN0289,Stephen Jones,2024-10-09,Investment,50657.22,Debit Card,Carrollville
TXN0290,Bryan Jackson,2024-12-22,Bills,25265.39,Net Banking,Coreystad
TXN0291,Andres Fisher,2024-11-03,Rent,67097.92,Cash,Larryville
TXN0292,Sandra Garcia,2024-01-13,Food,76701.68,Cash,Port Chadberg
TXN0293,Jenna Simpson,2024-11-28,Rent,18203.7,Cash,South Michaelstad
TXN0294,Alicia Patrick,2024-01-23,Shopping,52374.79,Credit Card,Port Lori
TXN0295,Thomas Roberts,2024-05-12,Healthcare,81018.46,Net Banking,Port Patriciaberg
TXN0296,Heather Simmons,2024-03-07,Shopping,9504.93,UPI,Mitchellfort
TXN0297,Scott Scott,2024-06-03,Bills,60710.61,Net Banking,Simpsonberg
TXN0298,Derrick Huerta,2024-12-15,Shopping,29432.85,Net Banking,East Gregoryfurt
TXN0299,Brittany Harmon,2024-09-18,Shopping,99254.86,Credit Card,New Daniel
TXN0300,Mia Jordan,2024-08-18,Travel,86578.16,Cash,Port Michael
TXN0301,Kevin Cook,2024-02-04,Healthcare,76721.49,UPI,North Kellyside
TXN0302,Wendy Schmidt,2024-07-29,Shopping,56482.66,Debit Card,Austinburgh
TXN0303,Darren Garrett,2024-02-06,Bills,22654.07,Credit Card,North Eric
TXN0304,Casey Bush MD,2024-05-22,Travel,68232.34,Net Banking,North Calvin
TXN0305,Steven Hall,2024-08-08,Shopping,68191.59,Net Banking,Vanessaville
TXN0306,Melinda Brown,2024-09-16,Healthcare,2167.9,Credit Card,Maryside
TXN0307,Peggy Lambert,2024-06-12,Bills,45119.83,UPI,Lake Molly
TXN0308,Karen Scott MD,2024-12-31,Bills,17052.81,Credit Card,North William
TXN0309,Travis Matthews,2024-10-06,Healthcare,77458.1,UPI,Martinland
TXN0310,Kenneth Baker,2024-02-05,Bills,35286.4,Debit Card,North Joseph
TXN0311,Jason Berry,2024-08-09,Healthcare,42888.72,UPI,New Douglas
TXN0312,James Williams,2024-01-17,Rent,49377.3,Cash,West Jake
TXN0313,Ryan Hebert,2024-06-05,Rent,56282.74,Net Banking,Pooleville
TXN0314,Jay Elliott,2024-01-13,Shopping,84833.93,Debit Card,South Jenniferfurt
TXN0315,Joel Horn,2024-09-02,Rent,39327.65,UPI,Ryanfurt
TXN0316,Leslie Mccarthy,2024-12-26,Food,5558.65,Net Banking,Rodriguezburgh
TXN0317,Christopher Terrell,2024-07-29,Healthcare,19137.48,Net Banking,Michaelmouth
TXN0318,Rhonda Williams,2024-11-27,Bills,92375.54,Debit Card,Emilyburgh
TXN0319,Brittany Hanson,2024-08-01,Travel,58676.83,Debit Card,Michaelberg
TXN0320,Jennifer Salazar,2024-02-15,Food,20170.23,Credit Card,New Dustinport
TXN0321,David Garrett,2024-10-10,Healthcare,48797.94,Debit Card,Andersonmouth
TXN0322,Samuel Harris,2024-01-16,Rent,17388.49,UPI,West Christopher
TXN0323,Samantha Pierce,2024-06-12,Healthcare,78572.82,Net Banking,Murphyborough
TXN0324,Timothy Luna,2024-07-16,Healthcare,96859.15,Credit Card,Port Crystalmouth
TXN0325,Eric Wood,2024-05-29,Salary,95286.86,Debit Card,Kimberlychester
TXN0326,Pamela Williams,2024-06-30,Healthcare,82505.42,UPI,Port Carlos
TXN0327,Jeremy Parker,2024-12-31,Investment,83853.26,Cash,South Monica
TXN0328,Joseph Mckay,2024-05-25,Travel,37493.26,Credit Card,Bartlettside
TXN0329,Robert Anderson,2024-05-30,Healthcare,69465.02,Cash,Joshuamouth
TXN0330,Rebecca Reyes,2024-05-04,Bills,83319.84,Credit Card,Lake Elizabethstad
TXN0331,Daniel Ewing,2024-02-08,Food,78908.45,UPI,East Carolyn
TXN0332,Rhonda Fields,2024-10-17,Rent,98739.92,Debit Card,Victorport
TXN0333,Lisa Gross,2024-06-25,Food,59313.52,Credit Card,Jasminstad
TXN0334,Mrs. Brenda Lara,2024-08-04,Food,85108.5,Net Banking,Lake Danielland
TXN0335,Joanna Murphy,2024-01-08,Investment,98992.26,Credit Card,Mooreberg
TXN0336,William Ferrell,2024-08-31,Salary,12894.89,Credit Card,Torresland
TXN0337,Laura Valenzuela,2024-04-27,Salary,70078.96,Credit Card,Jimenezchester
TXN0338,Zachary Miranda,2024-04-19,Travel,6094.33,Net Banking,Brianmouth
TXN0339,Jordan Perkins,2024-03-18,Rent,50313.18,Debit Card,Austinmouth
TXN0340,Jeffrey Johnson,2024-08-18,Travel,56141.52,Credit Card,North Justinport
TXN0341,Christopher Lawrence,2024-05-01,Shopping,57248.99,Cash,Markshire
TXN0342,Katherine Hayes,2024-09-16,Rent,707.98,Debit Card,Nicholasport
TXN0343,Shannon Rivera,2024-02-13,Travel,50918.59,Debit Card,Dennisland
TXN0344,Austin Kennedy,2024-07-27,Bills,44914.45,Debit Card,Nicholasland
TXN0345,David Jefferson,2024-05-28,Bills,37133.06,Net Banking,Baxtermouth
TXN0346,Bobby Cannon II,2024-09-11,Travel,23454.04,Credit Card,North Katiehaven
TXN0347,Kathleen Watson,2024-11-19,Shopping,63594.44,Net Banking,Littlestad
TXN0348,Melanie Franklin,2024-10-11,Bills,12064.77,Cash,Hughestown
TXN0349,Joshua Cline,2024-03-01,Rent,80466.98,UPI,North Sarahview
TXN0350,Shannon Hansen,2024-05-23,Shopping,94005.71,UPI,West Dianaton
TXN0351,Sarah Jones,2024-06-20,Investment,91562.96,Debit Card,East Adrianton
TXN0352,Pam Robles,2024-08-29,Salary,40477.56,Net Banking,Gallagherland
TXN0353,Erika Weaver,2024-01-27,Rent,13944.98,Net Banking,Port Richard
TXN0354,Benjamin Jones,2024-09-10,Salary,37349.1,Debit Card,Lake Kathleenmouth
TXN0355,Jonathan Cox,2024-02-02,Shopping,28063.22,UPI,Williamshaven
TXN0356,Zachary Cox,2024-11-20,Food,44880.95,Cash,Mirandaland
TXN0357,Janet Mccarthy,2024-12-01,Healthcare,20867.45,Debit Card,Bakerbury
TXN0358,Daniel Young,2024-11-16,Healthcare,14863.22,Credit Card,North Eric
TXN0359,Patrick Ferguson,2024-04-09,Salary,86609.61,Credit Card,Natashaborough
TXN0360,Emily Kelley,2024-08-17,Travel,18059.35,Debit Card,North Deniseborough
TXN0361,Elijah Johnson,2024-01-27,Healthcare,93101.36,Debit Card,Powellborough
TXN0362,Jasmine Herrera,2024-10-10,Bills,37301.38,Debit Card,Alvarezside
TXN0363,Herbert Mccullough,2024-10-04,Bills,79103.15,UPI,New Anita
TXN0364,Lisa Shields,2024-08-05,Healthcare,68636.23,Net Banking,West Susanshire
TXN0365,Jonathan Smith,2024-05-20,Bills,93830.21,Credit Card,Lake Alyssaview
TXN0366,David Wiggins,2024-11-23,Travel,32578.96,Net Banking,Kristyhaven
TXN0367,Amanda Weaver,2024-06-27,Bills,95502.42,UPI,Hernandezfort
TXN0368,Jonathan Martinez,2024-05-27,Healthcare,65419.04,UPI,East Mark
TXN0369,Michael Robinson,2024-08-06,Salary,36008.77,Debit Card,North Danielleland
TXN0370,Christina Martin,2024-01-12,Bills,62006.03,Cash,Turnershire
TXN0371,Zachary Clayton,2024-02-02,Shopping,62138.01,Cash,West Abigail
TXN0372,Amanda Lewis,2024-05-16,Salary,43312.62,Debit Card,South Karenbury
TXN0373,Daniel Strickland,2024-08-12,Food,2942.21,UPI,Herrerafort
TXN0374,Kim Davis,2024-04-09,Travel,22132.42,Credit Card,New Mariamouth
TXN0375,Regina Walton,2024-11-17,Shopping,95583.98,Credit Card,Lake Michelle
TXN0376,Robert Anderson,2024-03-09,Travel,64357.12,UPI,Meganfort
TXN0377,Nicholas Wilson,2024-02-10,Rent,37611.65,Debit Card,South Natasha
TXN0378,Amanda Riley,2024-04-24,Shopping,88349.9,UPI,Williamsville
TXN0379,Austin Walsh,2024-06-10,Healthcare,36015.77,Debit Card,Lake Alexandria
TXN0380,Steven Dyer,2024-04-18,Investment,93465.32,Credit Card,Cooperberg
TXN0381,George Martinez,2024-10-13,Investment,54012.83,Credit Card,North Timothy
TXN0382,Sarah Bird,2024-10-13,Investment,63801.85,Cash,Ramirezborough
TXN0383,Charles Smith,2024-04-04,Food,30538.34,Net Banking,South Jason
TXN0384,Ethan Conrad,2024-07-02,Salary,64199.2,Net Banking,Zacharytown
TXN0385,Jennifer Gray,2024-12-04,Food,87091.01,Debit Card,Kristinaview
TXN0386,Vickie Reyes,2024-07-10,Rent,81422.12,Cash,Joshuamouth
TXN0387,Kathleen Dickson,2024-07-27,Bills,26502.23,Credit Card,East Christineburgh
TXN0388,Seth Kelly,2024-09-02,Food,484.11,Credit Card,Jonesmouth
TXN0389,Samuel Walker,2024-03-22,Shopping,84331.99,UPI,New Lucas
TXN0390,Luis Parker,2024-07-30,Food,8199.98,UPI,East Aliciaburgh
TXN0391,Mary Russell,2024-04-19,Food,94132.28,Credit Card,Judychester
TXN0392,Courtney Martinez,2024-07-05,Bills,91634.89,Credit Card,South Donaldport
TXN0393,Kenneth Garcia,2024-01-26,Healthcare,23589.51,Credit Card,Johnsonfurt
TXN0394,Taylor Cummings,2024-02-13,Travel,58309.66,Credit Card,Marktown
TXN0395,Mark Holloway,2024-10-24,Food,35658.3,Cash,Dixonmouth
TXN0396,Justin Johnson,2024-08-26,Bills,92824.98,Net Banking,New Ryan
TXN0397,Ruth Lopez,2024-11-26,Bills,74775.11,Credit Card,Martinezville
TXN0398,Nicholas Robbins,2024-02-08,Healthcare,69849.59,Cash,Ramirezton
TXN0399,Jessica Russell,2024-06-05,Shopping,86545.03,UPI,North Michael
TXN0400,Anthony Gonzalez,2024-07-09,Rent,70082.65,Credit Card,Sallyburgh
TXN0401,Tammy Scott,2024-12-14,Travel,82599.35,Cash,Youngchester
TXN0402,Nicholas Johnson,2024-04-30,Rent,19530.16,UPI,Lake Stephaniehaven
TXN0403,Beth Martinez,2024-06-27,Healthcare,7243.96,Cash,Lisaton
TXN0404,Amanda Martin,2024-03-01,Shopping,45939.24,Debit Card,Huntertown
TXN0405,Beth Bowen,2024-04-27,Travel,66599.64,Debit Card,New Michelestad
TXN0406,Mr. Paul Lewis,2024-08-05,Bills,16516.13,Credit Card,Hickstown
TXN0407,Mr. Nathaniel Strickland,2024-04-07,Investment,16758.83,Debit Card,Lake Rebeccaborough
TXN0408,Debra Jensen,2024-07-05,Investment,78698.44,Net Banking,Williamport
TXN0409,Larry Carey,2024-03-31,Food,99978.88,Net Banking,Douglasview
TXN0410,John Smith,2024-04-10,Rent,65344.56,Debit Card,South Breannaburgh
TXN0411,Derrick Mcdowell,2024-08-21,Food,1357.84,Debit Card,Lake Laurenburgh
TXN0412,Christopher Fitzgerald,2024-11-13,Rent,38455.44,Cash,New Jodytown
TXN0413,Stephen Dixon,2024-02-07,Salary,20557.86,Cash,Leeside
TXN0414,Jonathan Mitchell,2024-11-22,Salary,16408.6,Debit Card,West Tabithashire
TXN0415,Hailey Nguyen,2024-01-24,Salary,32479.01,Credit Card,Samanthaburgh
TXN0416,Scott Young,2024-03-16,Travel,73740.29,Credit Card,Port Jacobfurt
TXN0417,Amy Medina,2024-04-26,Salary,59333.56,Cash,Port Christopher
TXN0418,Donald Snyder,2024-06-08,Investment,53809.13,Credit Card,Lake David
TXN0419,Melanie Blake,2024-04-20,Salary,13713.83,Debit Card,Thomaschester
TXN0420,Tammy Ford,2024-05-19,Investment,4964.14,Debit Card,Cabrerafurt
TXN0421,Susan Cruz,2024-04-07,Shopping,42949.76,Cash,Robertsmouth
TXN0422,Dana Brown,2024-06-11,Shopping,48710.95,Cash,West Lauraland
TXN0423,Richard Escobar,2024-11-11,Shopping,10701.83,Credit Card,Yolandaview
TXN0424,Samuel Payne,2024-05-05,Shopping,1120.02,UPI,North Michael
TXN0425,Michael Logan,2024-04-12,Travel,68087.82,Cash,West Roberta
TXN0426,Derrick Koch,2024-09-18,Food,61369.69,Net Banking,Lake Sean
TXN0427,Crystal Guerrero,2024-04-29,Travel,23561.36,Cash,New Gregoryview
TXN0428,Dale Mccann,2024-09-15,Food,69848.65,Net Banking,South David
TXN0429,Joe Paul,2024-02-07,Investment,16871.15,UPI,Lauraborough
TXN0430,Yolanda Riley,2024-08-14,Rent,59373.66,Net Banking,Nicolemouth
TXN0431,Robert Flores,2024-12-17,Healthcare,46864.96,Net Banking,East Victoriamouth
TXN0432,Tracy Green,2024-03-12,Rent,65844.04,Net Banking,Mayhaven
TXN0433,Johnathan Dixon,2024-04-04,Salary,70314.44,Net Banking,Davidfort
TXN0434,Dr. Emily Yates,2024-02-19,Shopping,95287.59,Cash,Wilsonburgh
TXN0435,Joel Wise,2024-05-27,Travel,42725.92,UPI,New Melody
TXN0436,Jared Lopez,2024-08-01,Travel,31908.65,Cash,Dennistown
TXN0437,Nancy Chen,2024-09-13,Travel,6897.3,Cash,West Christopher
TXN0438,Christopher Simmons,2024-02-16,Rent,91541.99,Credit Card,Matthewchester
TXN0439,Bianca Dennis,2024-09-07,Rent,57714.81,Debit Card,Vargasport
TXN0440,Jodi Banks,2024-07-27,Healthcare,97261.14,Debit Card,North Kevin
TXN0441,James Snow,2024-12-28,Shopping,60726.68,Debit Card,Aaronton
TXN0442,Ian Smith,2024-05-16,Food,75069.82,Net Banking,Stephenborough
TXN0443,Belinda Tanner,2024-11-05,Bills,55271.77,Cash,East Jennifer
TXN0444,Michael Smith,2024-09-21,Rent,69428.78,Debit Card,Shepardmouth
TXN0445,Aaron Baker,2024-11-16,Salary,29949.44,UPI,Lake Patrick
TXN0446,Jennifer Turner,2024-08-16,Travel,72886.58,UPI,Matthewfurt
TXN0447,Beth Miller,2024-04-18,Salary,55508.19,Debit Card,Antoniohaven
TXN0448,Christine Willis,2024-11-30,Travel,45512.96,Net Banking,South Danielle
TXN0449,Madison Young,2024-08-02,Travel,55567.72,Credit Card,South Bradside
TXN0450,Henry Clark,2024-05-15,Shopping,57831.88,Debit Card,East Adam
TXN0451,Timothy Phillips,2024-10-18,Healthcare,64903.04,Cash,West Catherineshire
TXN0452,Tiffany Rose,2024-02-25,Investment,56076.53,Net Banking,Lake Paige
TXN0453,Derek Marquez,2024-11-12,Healthcare,7557.72,Credit Card,West Jamiemouth
TXN0454,Colleen Young,2024-06-01,Rent,56299.77,Debit Card,South Craigville
TXN0455,Joshua Miller,2024-09-06,Investment,61467.86,Credit Card,Ortizfurt
TXN0456,Taylor Melendez,2024-01-10,Salary,27367.54,Net Banking,South Jesseburgh
TXN0457,Dale Jones,2024-03-28,Travel,171.9,UPI,West Scott
TXN0458,John Carpenter,2024-03-30,Salary,56831.8,Net Banking,Stanleyberg
TXN0459,Brandon Robinson,2024-05-07,Food,97397.66,Cash,East Chadville
TXN0460,Steven Jackson,2024-07-28,Healthcare,7849.47,Debit Card,Lake Ryan
TXN0461,Jeffery Hernandez,2024-12-18,Food,46158.15,Debit Card,Port Brandonburgh
TXN0462,Gene Wilson,2024-04-04,Rent,68279.96,Debit Card,North Jennifer
TXN0463,Kara Ellison,2024-11-13,Healthcare,88914.8,Net Banking,Amandafort
TXN0464,Ryan Phillips,2024-03-29,Food,74062.1,Cash,Vargasburgh
TXN0465,Jonathan Harper,2024-02-19,Food,4048.73,Net Banking,Klinebury
TXN0466,Chad Bates,2024-12-20,Salary,47713.13,Debit Card,Rodriguezville
TXN0467,Joshua Johnson,2024-07-13,Salary,95429.83,Debit Card,West Nicholas
TXN0468,Michael Arias,2024-05-06,Bills,62825.73,UPI,Richborough
TXN0469,Janice Beasley,2024-02-21,Investment,41986.04,UPI,West Joshua
TXN0470,Mary Stanton,2024-07-20,Investment,21396.02,Credit Card,East Jennifershire
TXN0471,Robert Herrera,2024-12-13,Healthcare,27451.22,Debit Card,Brittanytown
TXN0472,Jimmy King,2024-06-20,Rent,54331.43,UPI,Lake Jeffreyfort
TXN0473,Edward Reed,2024-01-02,Shopping,71872.37,Cash,West Stevenbury
TXN0474,John Mason,2024-01-17,Bills,36488.23,Net Banking,East Heatherhaven
TXN0475,Crystal Price,2024-11-08,Rent,87258.56,Cash,New Noah
TXN0476,Deanna Boyd,2024-06-26,Food,20701.41,UPI,South Nancyton
TXN0477,Victoria Lynch,2024-06-17,Healthcare,71551.17,UPI,Darylfurt
TXN0478,Maria Martin,2024-04-26,Rent,54679.54,Cash,Port Joelhaven
TXN0479,Christopher Martin,2024-03-11,Bills,31261.15,Credit Card,Nathantown
TXN0480,Maxwell Jones,2024-02-19,Travel,74648.11,Net Banking,New Calebburgh
TXN0481,Rebecca Smith,2024-10-28,Travel,61296.89,Credit Card,Timothybury
TXN0482,Riley Bauer,2024-04-15,Food,36853.81,Net Banking,Monicafort
TXN0483,Tammy Andrews,2024-11-06,Investment,89466.45,UPI,Lake Jeffreyborough
TXN0484,Deborah Martinez,2024-05-09,Travel,24051.97,Net Banking,Michaelfort
TXN0485,Vincent Porter,2024-12-09,Investment,53286.79,UPI,North Raymond
TXN0486,Stacy Whitaker,2024-06-19,Bills,23693.38,UPI,Lake Williamton
TXN0487,Kevin Casey,2024-12-25,Salary,52858.48,Credit Card,Nixonfurt
TXN0488,Kristina Bullock,2024-06-06,Travel,65624.92,Net Banking,Stephenview
TXN0489,Gabrielle Potter,2024-05-24,Shopping,12639.86,Debit Card,South Nathanmouth
TXN0490,Rebecca Cruz,2024-09-03,Bills,87465.26,Cash,Adkinsstad
TXN0491,Catherine Williams,2024-10-31,Shopping,96313.71,Cash,Jennastad
TXN0492,Melanie Bentley,2024-08-09,Bills,46996.17,Debit Card,Tamaraside
TXN0493,Kimberly Wilson,2024-01-04,Shopping,80271.48,Net Banking,Lake Hunterfort
TXN0494,Louis Phillips,2024-07-18,Shopping,58331.19,UPI,New Mia
TXN0495,Patricia Hensley,2024-01-02,Shopping,167.1,Cash,Elizabethstad
TXN0496,Jonathan Huff,2024-05-04,Bills,2859.18,Cash,Bautistashire
TXN0497,Mark Ramos,2024-04-14,Food,27272.85,Cash,Dawnville
TXN0498,Mrs. Theresa Bell,2024-04-18,Rent,57523.21,Net Banking,North Yvette
TXN0499,Sarah Boyle,2024-01-01,Healthcare,44260.12,Debit Card,East Jorgemouth
TXN0500,Luke Rios,2024-02-26,Travel,72499.21,Cash,East Peggychester
TXN0501,Antonio Collins,2024-12-30,Investment,75208.1,Cash,Lake Eric
TXN0502,Paul Zavala,2024-11-06,Food,72601.01,UPI,New Brandymouth
TXN0503,Tina Eaton,2024-07-07,Bills,6957.16,Net Banking,New Cynthiamouth
TXN0504,Jason Mccormick,2024-10-26,Travel,45899.5,Net Banking,Smithchester
TXN0505,Mike Reeves,2024-02-23,Food,2890.44,Net Banking,Browntown
TXN0506,Jennifer Nelson,2024-10-18,Travel,47842.17,Net Banking,South Patricia
TXN0507,Cathy Campbell,2024-04-04,Shopping,741.38,Net Banking,North Scottberg
TXN0508,Mark Frazier,2024-04-26,Bills,59539.97,UPI,South Shannonberg
TXN0509,Tami Taylor,2024-11-17,Travel,41142.26,Net Banking,Port Cassandra
TXN0510,Jose Mcconnell,2024-05-25,Rent,53074.9,Cash,New Michelle
TXN0511,Kevin Franklin,2024-03-12,Food,39399.35,Credit Card,Bethanyburgh
TXN0512,Tracy Price,2024-03-24,Food,34632.22,Debit Card,Donnatown
TXN0513,Kimberly Ramirez,2024-07-10,Bills,5801.28,UPI,Sandychester
TXN0514,Rachael Bailey,2024-09-03,Shopping,47582.52,Credit Card,Foxshire
TXN0515,Ryan Tucker,2024-11-24,Food,26812.92,Cash,Port Laura
TXN0516,Cynthia Weiss,2024-11-24,Shopping,4840.24,UPI,West Ryan
TXN0517,Kyle Ward,2024-12-16,Healthcare,32921.08,Credit Card,West Brent
TXN0518,Gabrielle Johnson,2024-07-23,Bills,56377.68,UPI,Emmachester
TXN0519,Robert Hoover,2024-12-02,Investment,24249.64,Cash,Lake Timothyton
TXN0520,Luis Moran,2024-11-04,Healthcare,59452.6,UPI,Port Nichole
TXN0521,Scott Sherman,2024-10-18,Investment,65178.65,Cash,New Cynthiaburgh
TXN0522,Ryan Green,2024-05-27,Food,27326.78,Credit Card,Kanestad
TXN0523,Katherine Porter,2024-06-12,Bills,22195.44,Net Banking,Lake Michelle
TXN0524,Paul Vargas,2024-10-22,Bills,8024.26,Credit Card,Hayesview
TXN0525,Deborah Jackson,2024-04-17,Healthcare,38187.25,Credit Card,North Samantha
TXN0526,David Le,2024-01-29,Rent,54816.8,Net Banking,North Brooke
TXN0527,Lynn Jones,2024-03-18,Salary,38248.87,Debit Card,Rebeccafurt
TXN0528,Timothy Levy,2024-09-07,Rent,64082.53,Net Banking,East Victormouth
TXN0529,William Welch,2024-02-29,Rent,17065.97,Cash,South Lisabury
TXN0530,Cynthia Espinoza,2024-02-27,Rent,49409.21,Credit Card,North Michelle
TXN0531,Donna Roman,2024-02-20,Travel,87789.67,Credit Card,Bensonville
TXN0532,Alicia Morrow,2024-07-16,Shopping,3384.09,UPI,Craighaven
TXN0533,Jessica Nelson,2024-03-09,Shopping,12350.85,Debit Card,Stouthaven
TXN0534,Joshua Brown,2024-06-28,Bills,6471.73,Credit Card,East Joseph
TXN0535,Colton Hubbard,2024-04-20,Shopping,86053.84,Debit Card,North Kimberlyshire
TXN0536,Olivia Sutton,2024-02-19,Salary,2179.27,Credit Card,Lake Theresa
TXN0537,Kayla Ashley,2024-06-14,Shopping,87181.22,Credit Card,West Erica
TXN0538,Christopher Crawford,2024-03-09,Shopping,75352.1,UPI,Robinton
TXN0539,Eileen Smith,2024-08-19,Bills,80679.37,UPI,Carlastad
TXN0540,Angela Yates,2024-01-02,Food,93317.78,Credit Card,Goodmouth
TXN0541,Matthew Gordon,2024-05-23,Salary,31086.69,Credit Card,Ballardside
TXN0542,David Jackson,2024-09-01,Food,22457.48,Credit Card,Port Stephen
TXN0543,Matthew Johnson,2024-11-29,Food,81686.33,Cash,Lake Georgemouth
TXN0544,Brian Russell,2024-12-15,Salary,78314.39,Cash,Stokeschester
TXN0545,Laura Roberts,2024-10-03,Salary,8417.64,Debit Card,Rebeccafort
TXN0546,Damon Rose,2024-12-31,Bills,44370.85,Credit Card,Robertmouth
TXN0547,Sarah King,2024-06-16,Salary,24628.86,Debit Card,New Nicolasview
TXN0548,Lisa Gonzalez,2024-01-28,Salary,48850.51,UPI,North Bethany
TXN0549,Nicole Cervantes,2024-08-17,Travel,55692.41,UPI,Samanthastad
TXN0550,David Hale,2024-09-28,Healthcare,20001.04,Cash,West David
TXN0551,Micheal Jordan,2024-03-17,Shopping,32165.02,Debit Card,Harveyville
TXN0552,Kaitlyn Taylor,2024-11-08,Investment,68483.72,Net Banking,Nicholstown
TXN0553,Gregory Perkins,2024-11-03,Bills,37619.36,Credit Card,North Tiffany
TXN0554,Brittany Payne,2024-10-05,Bills,24407.87,Credit Card,West Brandontown
TXN0555,Larry Valdez,2024-12-23,Shopping,50199.66,Net Banking,Johnport
TXN0556,Allen Morris,2024-04-22,Travel,35590.2,Cash,Clarkmouth
TXN0557,Luis Davidson,2024-09-01,Investment,33897.42,Credit Card,South Paige
TXN0558,Timothy Mclaughlin,2024-12-09,Food,98907.98,UPI,Greenefurt
TXN0559,Robert Jackson,2024-11-30,Travel,4064.13,Credit Card,East Judy
TXN0560,Christopher Berger,2024-06-08,Bills,41668.01,Cash,Nguyenborough
TXN0561,Amanda Harper,2024-07-16,Shopping,30680.66,Debit Card,Schmittfort
TXN0562,Victoria Patrick,2024-09-10,Travel,77516.58,UPI,Scottbury
TXN0563,Deanna Vega,2024-11-28,Healthcare,36921.33,Net Banking,Christopherview
TXN0564,Alexander Flores,2024-09-14,Salary,10046.93,Debit Card,Dawsonhaven
TXN0565,Joshua May,2024-11-20,Bills,16767.5,UPI,South Janet
TXN0566,Melissa Mckinney,2024-01-23,Shopping,41217.12,UPI,North Thomas
TXN0567,Luis Sanford,2024-08-19,Shopping,98325.13,Credit Card,Westmouth
TXN0568,Jason Fritz,2024-04-08,Travel,5701.08,Debit Card,North Henry
TXN0569,Frank Vega,2024-09-08,Healthcare,27388.23,UPI,Williamsville
TXN0570,Wyatt Smith,2024-12-12,Bills,6685.87,Credit Card,East Vanessaburgh
TXN0571,Jacob Allison,2024-06-23,Food,26085.42,Debit Card,Katelynside
TXN0572,Chad Payne DDS,2024-12-01,Travel,29639.41,Credit Card,Brandonshire
TXN0573,Veronica White,2024-04-26,Salary,37867.27,Cash,Welchberg
TXN0574,Bonnie Reese,2024-05-27,Healthcare,30391.66,Credit Card,Port Williamtown
TXN0575,David Long,2024-10-10,Healthcare,68473.29,Credit Card,New Ana
TXN0576,John Vaughn,2024-09-17,Food,46800.01,Credit Card,Travisborough
TXN0577,Alexander Taylor MD,2024-12-09,Food,75450.15,Debit Card,Williamsstad
TXN0578,John Johnson,2024-12-25,Shopping,8348.27,Credit Card,Gonzaleztown
TXN0579,Angela Mason,2024-09-15,Salary,17178.01,Net Banking,New Austinmouth
TXN0580,Jessica Anderson,2024-04-26,Rent,32216.47,Credit Card,Meganport
TXN0581,Amanda Bell,2024-06-16,Investment,66220.21,Credit Card,Jessicafurt
TXN0582,Brent Wells,2024-01-12,Healthcare,24573.81,Cash,South Cynthiaborough
TXN0583,Christina Garcia,2024-10-06,Shopping,81427.05,Credit Card,Leonardburgh
TXN0584,James Martinez,2024-04-22,Healthcare,90995.07,UPI,Bobbyview
TXN0585,James Perez,2024-12-05,Healthcare,50972.05,Net Banking,East Sara
TXN0586,Barry Jackson,2024-03-09,Healthcare,56200.26,Net Banking,East Sandraside
TXN0587,Ashlee Brown,2024-04-07,Investment,46763.03,UPI,Meyerview
TXN0588,Ashley Barnes,2024-05-17,Healthcare,34203.49,Net Banking,Edwardsmouth
TXN0589,Tanya Rivera,2024-03-02,Travel,45154.44,UPI,Garyfort
TXN0590,Anita Levine,2024-05-09,Salary,56917.05,UPI,New Kayla
TXN0591,Mary Hardin,2024-10-29,Food,13180.47,Credit Card,Lake Emilyland
TXN0592,Cody Brock,2024-06-04,Food,61595.04,Credit Card,Taylorhaven
TXN0593,Regina Wright,2024-01-22,Healthcare,57445.18,UPI,Heatherbury
TXN0594,Scott Cameron,2024-05-22,Investment,15885.22,UPI,West Christine
TXN0595,Kristen Bryant,2024-09-29,Salary,71555.87,Net Banking,Osbornefort
TXN0596,Michael Miranda,2024-06-24,Healthcare,26636.86,UPI,East Sharon
TXN0597,Thomas Serrano,2024-11-14,Salary,3738.34,Net Banking,Port Emmastad
TXN0598,Roger Li,2024-03-11,Rent,29148.34,Cash,New Craig
TXN0599,Mrs. Angela Schwartz,2024-05-01,Healthcare,24139.59,UPI,North Franciscotown
TXN0600,Brenda Lopez,2024-04-14,Rent,21596.99,Cash,Lake Joseph
TXN0601,Thomas Rodriguez,2024-11-21,Food,58612.8,Credit Card,New Katelynview
TXN0602,Samuel Lee,2024-11-08,Travel,50948.77,Credit Card,Craigtown
TXN0603,Kelly Thompson,2024-07-11,Healthcare,87476.05,Debit Card,Kelleyfort
TXN0604,Michael Todd,2024-01-28,Healthcare,53877.06,Cash,Sarahhaven
TXN0605,Becky Contreras,2024-03-15,Investment,91829.73,Debit Card,Mortonberg
TXN0606,Micheal Love,2024-01-07,Salary,84878.77,Cash,New Lauren
TXN0607,Lisa Branch,2024-02-12,Bills,18960.16,UPI,Port Andreahaven
TXN0608,Tyler Sanchez,2024-06-05,Food,47032.79,Cash,Maloneland
TXN0609,Wendy Lee,2024-09-09,Salary,75713.25,Cash,Brianburgh
TXN0610,Jennifer Shaw,2024-04-21,Salary,12176.07,Credit Card,Kellyhaven
TXN0611,Patrick Perez,2024-09-19,Healthcare,5511.08,UPI,Martinport
TXN0612,Amanda Jensen,2024-04-14,Healthcare,60867.83,Credit Card,East Davidchester
TXN0613,Miranda Lloyd,2024-01-22,Bills,89156.78,Credit Card,Calvinshire
TXN0614,Lawrence Wolfe,2024-04-28,Travel,82975.26,Credit Card,Hayesview
TXN0615,Mark Harper,2024-11-18,Healthcare,446.25,Credit Card,Floreston
TXN0616,Mindy Finley,2024-06-03,Food,32759.35,Debit Card,Cherylton
TXN0617,William Romero,2024-10-04,Food,49256.46,Net Banking,Spencerville
TXN0618,Charles Bird,2024-01-14,Bills,15624.45,Cash,New Jason
TXN0619,Tiffany Holmes,2024-09-20,Healthcare,39096.26,Net Banking,South Josephhaven
TXN0620,Luis Owens,2024-02-19,Shopping,2351.91,Net Banking,East Brenda
TXN0621,Blake Romero,2024-11-22,Food,64638.19,Net Banking,South Markton
TXN0622,Nicholas Keith,2024-10-04,Travel,56716.08,Net Banking,Wattston
TXN0623,Rachel Knox,2024-11-13,Rent,3147.57,UPI,Lake Luisland
TXN0624,Cody Acosta,2024-03-28,Investment,47960.6,UPI,South Brittany
TXN0625,Patricia Morales,2024-10-28,Food,11310.07,Credit Card,Thomasshire
TXN0626,Elizabeth Mccann,2024-12-30,Bills,34117.21,Net Banking,Hunterfurt
TXN0627,Lindsay Roberts,2024-07-17,Salary,14014.13,Debit Card,Larrytown
TXN0628,Marcus Maxwell,2024-08-28,Food,91949.67,Credit Card,Port Toddfort
TXN0629,Kyle Wright,2024-02-22,Rent,87542.38,Net Banking,North Brianmouth
TXN0630,Christy Pena,2024-11-28,Food,28713.35,UPI,Jacksonchester
TXN0631,Cheryl Ford,2024-12-22,Salary,2494.23,Net Banking,Lake Markstad
TXN0632,Samantha Johnson,2024-05-09,Bills,80940.6,Cash,West Jefffort
TXN0633,Emily Stewart,2024-07-27,Salary,45522.98,UPI,Jimenezfort
TXN0634,Susan Hunter,2024-12-11,Investment,91529.79,Net Banking,Lake Brianna
TXN0635,Christopher Williams,2024-05-26,Shopping,82464.56,UPI,Lake Kristenside
TXN0636,Nicholas Lewis,2024-11-13,Food,98556.27,Debit Card,New Scotttown
TXN0637,Kimberly Bowers,2024-07-18,Shopping,617.74,UPI,Theodoreland
TXN0638,Sydney Jackson,2024-09-18,Salary,69303.26,UPI,Port Robertmouth
TXN0639,Christopher Turner,2024-11-07,Salary,86969.37,Cash,Margaretville
TXN0640,Timothy Wilson,2024-05-22,Bills,49303.36,Credit Card,Barrybury
TXN0641,Kevin Cox DDS,2024-01-13,Bills,79405.94,UPI,Hallstad
TXN0642,Mitchell Johnson,2024-12-01,Healthcare,89092.41,Debit Card,Lake Brenda
TXN0643,Jacob Owens,2024-04-05,Travel,95415.5,Cash,Clarkland
TXN0644,James Contreras,2024-09-29,Investment,93015.06,Cash,Derrickmouth
TXN0645,Deborah Robinson,2024-03-09,Bills,72825.67,Net Banking,Gibsonmouth
TXN0646,Sierra Rasmussen,2024-12-07,Shopping,93020.6,Cash,Lake Timothybury
TXN0647,Dr. Alicia Galloway,2024-06-03,Healthcare,64018.58,Net Banking,Maryhaven
TXN0648,Christopher Vazquez,2024-12-28,Food,26768.13,Debit Card,Lopezside
TXN0649,Jared Rodriguez,2024-10-19,Rent,99788.5,Net Banking,North Gloriaberg
TXN0650,Shane Andrews,2024-07-18,Healthcare,89025.21,UPI,East Adamview
TXN0651,Robert Webster,2024-03-14,Bills,62410.71,Credit Card,Reginaldburgh
TXN0652,Jessica Palmer,2024-05-11,Food,90720.31,UPI,Garnerborough
TXN0653,Tiffany Robertson,2024-01-12,Food,57210.8,UPI,Jonesburgh
TXN0654,Lisa Villarreal,2024-06-16,Rent,22719.19,Net Banking,Lake Eric
TXN0655,Carrie Houston,2024-11-26,Food,55041.28,Cash,South Annashire
TXN0656,Carol Johnson,2024-08-19,Salary,54116.28,Credit Card,Davidfort
TXN0657,Diana Knox,2024-06-02,Healthcare,18392.34,UPI,Peterport
TXN0658,Rhonda Lee,2024-03-19,Travel,97573.04,Credit Card,Stephaniechester
TXN0659,Sara Garrett,2024-12-27,Salary,91688.16,UPI,Walkerberg
TXN0660,Sarah Robinson,2024-01-23,Rent,4652.42,Net Banking,East Laurenport
TXN0661,Erin Miranda,2024-10-22,Healthcare,81393.21,Credit Card,North Malikbury
TXN0662,Destiny Brooks,2024-07-05,Healthcare,50274.05,Cash,Marychester
TXN0663,Jonathan Blankenship,2024-10-30,Bills,70592.64,Net Banking,Michellestad
TXN0664,David Mcbride,2024-08-03,Salary,11618.3,UPI,Smithport
TXN0665,Paul Garrett,2024-01-19,Salary,95005.4,Debit Card,New Mary
TXN0666,Margaret Tanner,2024-04-25,Shopping,80494.14,Cash,Daltonmouth
TXN0667,Jennifer Cowan,2024-12-24,Salary,46585.42,Cash,Lake John
TXN0668,Olivia Knight,2024-01-17,Food,10784.99,UPI,Christineborough
TXN0669,Theresa Maldonado,2024-01-19,Travel,43440.98,Credit Card,West Jeffrey
TXN0670,Heather West,2024-12-01,Shopping,53113.69,Net Banking,Mendezmouth
TXN0671,Margaret Nguyen,2024-01-18,Bills,30827.71,Cash,Lake Teresa
TXN0672,Robert Harris,2024-12-21,Shopping,7788.88,Cash,North John
TXN0673,Ryan Wallace,2024-06-24,Food,40845.01,Cash,Ibarrafurt
TXN0674,William Ray DDS,2024-09-19,Bills,80998.93,Credit Card,Dustinton
TXN0675,Kelly Robertson,2024-01-30,Healthcare,22779.14,Credit Card,Lake Peter
TXN0676,Emily Ruiz,2024-01-21,Rent,70410.2,UPI,Port Alexandraside
TXN0677,Mary Green,2024-05-07,Salary,29025.38,UPI,Christopherville
TXN0678,Brett Jones,2024-07-23,Salary,57749.56,Net Banking,Robertfort
TXN0679,Rachel Ward,2024-06-10,Shopping,69311.88,Net Banking,South Dennis
TXN0680,John Petersen,2024-01-05,Bills,95801.7,Credit Card,South Karen
TXN0681,Briana Beck,2024-05-11,Rent,25008.8,Cash,New Angela
TXN0682,Deborah Wu,2024-07-28,Bills,72113.8,Cash,North Alan
TXN0683,Desiree Chen,2024-03-20,Salary,93244.93,Debit Card,Alecborough
TXN0684,Joanna Franklin,2024-07-30,Bills,9860.5,Net Banking,New Ronald
TXN0685,Diana Long,2024-08-24,Travel,43126.24,UPI,Josephborough
TXN0686,Stephanie Miller,2024-07-20,Shopping,61886.67,Debit Card,Port Katherine
TXN0687,Courtney Clark,2024-12-04,Healthcare,74416.87,Net Banking,New Bradley
TXN0688,Paul Gutierrez PhD,2024-06-06,Shopping,9878.59,Debit Card,South Michaelfort
TXN0689,Jamie Hayes,2024-09-24,Salary,45323.08,Debit Card,Lake Carl
TXN0690,Rebecca Kim,2024-05-21,Salary,31760.23,Net Banking,Zacharyborough
TXN0691,Darren Rodriguez,2024-11-27,Investment,61351.77,Net Banking,South Mariahaven
TXN0692,Todd Mcdonald,2024-02-18,Salary,3488.22,Debit Card,Port Kristi
TXN0693,Melissa Murphy,2024-08-10,Rent,91070.74,UPI,Lake Jesse
TXN0694,Stanley Cardenas,2024-02-23,Food,79812.78,Debit Card,Port Melissa
TXN0695,April Maldonado,2024-09-09,Shopping,8798.72,Debit Card,Carterborough
TXN0696,David White,2024-11-03,Rent,41047.98,UPI,New Thomasland
TXN0697,Aaron Smith,2024-07-24,Travel,28334.17,UPI,Walkerberg
TXN0698,Elijah Lucero,2024-11-18,Bills,15862.42,UPI,Jimenezmouth
TXN0699,John Elliott,2024-12-22,Bills,16140.07,Credit Card,Justinburgh
TXN0700,Mr. Jared Salinas Jr.,2024-09-23,Salary,12265.75,Net Banking,East Elizabeth
TXN0701,Andrew Schwartz,2024-05-10,Travel,64084.59,Debit Card,Wigginsstad
TXN0702,Max Krueger,2024-09-11,Rent,5321.35,Debit Card,Keithport
TXN0703,James Jones,2024-01-19,Salary,67360.95,UPI,Howardborough
TXN0704,Katherine Cruz,2024-10-03,Rent,94385.0,Debit Card,North Robin
TXN0705,Tommy Acevedo,2024-03-23,Salary,86670.95,Credit Card,East Lauriemouth
TXN0706,Ashley Gomez,2024-09-03,Investment,31812.1,Cash,Lake Ericstad
TXN0707,Kevin Kennedy,2024-11-19,Healthcare,69872.03,Net Banking,Jessicatown
TXN0708,Jason Richardson,2024-11-09,Shopping,25291.21,Debit Card,Taylorville
TXN0709,Reginald Stafford,2024-10-06,Food,51765.78,Debit Card,Port Brianland
TXN0710,Andrea Ramos,2024-12-08,Investment,56785.73,Cash,West Reginashire
TXN0711,Sherri Rivers,2024-06-20,Bills,60842.16,Credit Card,Lawrenceville
TXN0712,Ronald Freeman,2024-10-18,Bills,54493.76,UPI,New George
TXN0713,Gloria Ortega,2024-08-22,Food,37930.05,Debit Card,South Amber
TXN0714,James Walton,2024-12-15,Healthcare,15958.23,Net Banking,Lake Brian
TXN0715,Lawrence Garcia,2024-02-23,Salary,58032.89,Debit Card,North Megan
TXN0716,Eric Brooks,2024-09-30,Rent,57942.42,Cash,Kennedystad
TXN0717,David Dawson,2024-06-04,Salary,34853.19,Net Banking,Martinburgh
TXN0718,William Welch,2024-07-13,Salary,20135.28,Cash,Monicabury
TXN0719,Stephen Gonzalez,2024-12-09,Food,50012.48,Net Banking,Kaufmanview
TXN0720,David Cross,2024-12-05,Travel,1755.85,UPI,South Benjaminfurt
TXN0721,Monica Stewart,2024-03-29,Shopping,9916.55,Cash,New Shane
TXN0722,Mary Perez,2024-05-24,Travel,23371.79,Cash,Kristinatown
TXN0723,Richard Lewis,2024-02-09,Investment,69585.48,UPI,Port Pamela
TXN0724,Dustin Duncan,2024-09-24,Bills,55640.15,Debit Card,Riosport
TXN0725,Erica Daniels,2024-04-15,Bills,25049.74,Debit Card,Russellhaven
TXN0726,Cody Garza,2024-04-06,Salary,81857.19,UPI,New Sandramouth
TXN0727,Julie Harper,2024-08-30,Travel,10931.96,Debit Card,East Gregoryview
TXN0728,Kerry Moore,2024-12-02,Salary,32537.75,Cash,Port Jessicachester
TXN0729,Mrs. Darlene Rios MD,2024-04-18,Shopping,29900.65,Cash,Lake Dustinland
TXN0730,Mackenzie Terry,2024-05-16,Bills,54126.42,Cash,Schultzfort
TXN0731,Lisa Mueller,2024-10-27,Salary,35427.62,Cash,West Bryanton
TXN0732,Mr. John Morton,2024-11-11,Salary,36517.42,Credit Card,East Dominique
TXN0733,Michael Thompson,2024-12-31,Healthcare,4911.3,Debit Card,Bushview
TXN0734,Connor Gutierrez,2024-11-24,Rent,42490.1,Cash,Stephanietown
TXN0735,Dustin Lara,2024-04-16,Food,75186.93,Cash,Briannamouth
TXN0736,Joshua Ballard,2024-12-02,Travel,38365.13,Net Banking,Boothside
TXN0737,Sandra Ellis,2024-02-10,Food,7948.6,Credit Card,East April
TXN0738,John Sanchez,2024-01-18,Bills,57029.61,UPI,North Andrea
TXN0739,Samantha Sparks,2024-12-02,Shopping,85386.0,UPI,Huntermouth
TXN0740,Emily Jones,2024-05-09,Rent,44921.61,Net Banking,Lake Natalie
TXN0741,Robert Mcbride,2024-10-06,Food,96759.5,Credit Card,Connerview
TXN0742,Daniel Martinez,2024-02-26,Bills,63985.7,Net Banking,Lake Thomas
TXN0743,Patricia Williamson,2024-06-07,Bills,46871.68,UPI,Stephenville
TXN0744,Kelli Faulkner,2024-02-28,Healthcare,14362.19,Debit Card,Davidstad
TXN0745,Cory Williams,2024-02-25,Salary,46042.35,Debit Card,East Teresastad
TXN0746,Sheri Garcia,2024-08-14,Salary,31513.06,UPI,South Shannonborough
TXN0747,Annette Williams,2024-02-04,Travel,71969.97,Debit Card,New Richard
TXN0748,Debbie Castillo,2024-06-19,Investment,87084.1,Credit Card,Underwoodville
TXN0749,Nancy Hogan,2024-09-16,Rent,68422.93,Debit Card,Lake John
TXN0750,Stephen Le,2024-01-05,Shopping,8219.13,Credit Card,South Ernest
TXN0751,Samantha Kelly,2024-04-25,Travel,70089.3,UPI,New Charles
TXN0752,Linda Elliott,2024-12-15,Salary,79326.97,Credit Card,West Tarastad
TXN0753,Eric Molina,2024-06-29,Investment,82890.32,UPI,Kimberlystad
TXN0754,Jacqueline Holmes,2024-09-16,Food,22845.0,Credit Card,East John
TXN0755,Stacy Williams,2024-09-02,Bills,6483.8,Credit Card,Nathanburgh
TXN0756,Kevin Wood,2024-09-04,Rent,30317.56,Credit Card,East Sarah
TXN0757,Jillian Leonard MD,2024-08-06,Investment,45462.36,Credit Card,Lake Tashamouth
TXN0758,William Hines,2024-01-05,Rent,11778.1,Cash,Jodyberg
TXN0759,Jonathan Lambert,2024-08-03,Investment,85597.73,Net Banking,Curtisfort
TXN0760,Tracey Farmer,2024-06-24,Bills,89003.2,Net Banking,Hernandeztown
TXN0761,Erika Reyes,2024-08-17,Food,40918.88,Cash,Lake Charlesbury
TXN0762,Cynthia Kelly,2024-01-20,Salary,71576.35,Cash,East Jenna
TXN0763,Daniel Moore,2024-07-04,Rent,63154.47,Cash,Brittneyhaven
TXN0764,Barbara Estrada,2024-08-27,Healthcare,44512.76,Credit Card,Steveborough
TXN0765,Jason Khan,2024-05-08,Shopping,82801.08,Net Banking,Martinmouth
TXN0766,Nathan Nichols,2024-12-18,Bills,63190.38,Cash,Mcknightfurt
TXN0767,Corey Rodriguez,2024-02-04,Rent,54160.01,UPI,Danielland
TXN0768,Michael Lynch,2024-10-18,Food,49087.55,Debit Card,West Savannahtown
TXN0769,Mark Ross,2024-03-11,Shopping,3802.55,Cash,Lake Ericamouth
TXN0770,John Shields,2024-05-15,Bills,92708.63,Net Banking,East Gavin
TXN0771,Robert Grimes,2024-12-23,Investment,10433.06,Cash,Burnettshire
TXN0772,Andrew Lin,2024-05-01,Healthcare,7821.21,Debit Card,Josephchester
TXN0773,Michael Bean,2024-07-25,Food,23909.11,Cash,Port Anthonystad
TXN0774,April Dominguez,2024-08-31,Food,9236.54,Credit Card,Lake Victoria
TXN0775,Curtis Price MD,2024-08-30,Food,53034.84,Debit Card,Kingbury
TXN0776,Valerie Weeks,2024-11-14,Shopping,63439.57,Net Banking,Jamestown
TXN0777,Tammy Martinez,2024-10-12,Bills,64251.42,Cash,Greenville
TXN0778,Joe Mercado,2024-11-04,Travel,57298.64,Cash,South Paul
TXN0779,Lynn Myers,2024-01-14,Shopping,81948.19,UPI,South Jessica
TXN0780,Amanda Davidson,2024-05-30,Shopping,6609.92,Credit Card,Lake Matthew
TXN0781,Krista Jackson,2024-12-26,Investment,90348.01,Cash,Lawrencefort
TXN0782,Michelle Santiago,2024-12-04,Travel,74247.3,Credit Card,South Ryanville
TXN0783,Eric Cooper,2024-09-25,Bills,9317.04,UPI,Brianburgh
TXN0784,Jeffery Morales,2024-10-02,Food,205.28,Debit Card,Port Joseph
TXN0785,Mrs. Debra Watts,2024-04-11,Travel,47806.43,Cash,East Michael
TXN0786,Elijah Mann,2024-05-02,Bills,90281.44,Cash,Westville
TXN0787,Amber Evans,2024-02-09,Healthcare,82962.73,Credit Card,South Dianeborough
TXN0788,Jamie Allen,2024-02-26,Bills,41094.22,Debit Card,Collinstown
TXN0789,Emily Ho,2024-10-27,Rent,15118.33,Debit Card,West Candiceberg
TXN0790,Brent Miranda,2024-11-06,Shopping,76789.1,Net Banking,Lake Richard
TXN0791,Brianna Valdez,2024-06-04,Food,22855.59,Debit Card,Port Kenneth
TXN0792,Brooke Carlson,2024-05-21,Rent,32346.58,Debit Card,Lake Matthewside
TXN0793,Danielle Combs,2024-09-07,Shopping,47574.49,Cash,Lake Stephanieburgh
TXN0794,Lauren Wright,2024-07-25,Travel,61441.74,Cash,Grantbury
TXN0795,Shannon Mccarthy,2024-11-08,Shopping,30927.04,Cash,Brittanyburgh
TXN0796,Brandon Cordova,2024-05-04,Food,58994.74,Debit Card,Port Franciscoland
TXN0797,Kendra Phillips,2024-07-02,Salary,3745.77,Credit Card,North Cassidyton
TXN0798,David Jackson,2024-04-08,Rent,38213.92,UPI,Adamburgh
TXN0799,Rhonda Lewis,2024-03-06,Healthcare,1999.62,Credit Card,Donnatown
TXN0800,Larry Powers,2024-07-02,Food,62112.15,Cash,North Tinaborough
TXN0801,John Mcdonald,2024-03-24,Salary,43225.97,UPI,South Travis
TXN0802,Terry Harris,2024-10-14,Salary,28614.43,Credit Card,Robinsonside
TXN0803,Monica Mays,2024-12-12,Rent,92317.31,Credit Card,Lake Thomasview
TXN0804,Kyle Blankenship,2024-05-22,Bills,95325.71,Net Banking,Lopezfurt
TXN0805,Victoria Anderson,2024-05-09,Rent,60121.8,Credit Card,South Teresaview
TXN0806,Raymond Roberts,2024-09-18,Bills,33202.54,Credit Card,Jeremychester
TXN0807,Crystal Callahan,2024-06-09,Investment,58730.43,UPI,Tannerport
TXN0808,Dawn Larson,2024-09-23,Investment,55987.48,Net Banking,Buchananport
TXN0809,Belinda Gonzalez,2024-12-18,Salary,54970.36,Cash,Silvachester
TXN0810,Dr. Craig Burton MD,2024-07-27,Rent,3820.81,Debit Card,Whiteport
TXN0811,Robert Wheeler,2024-09-18,Travel,37982.46,Credit Card,Lambertville
TXN0812,Tyler Smith,2024-11-19,Healthcare,92254.21,Cash,Jenkinsview
TXN0813,Kathleen Stokes DDS,2024-03-30,Investment,73609.29,Cash,West Natalie
TXN0814,Matthew Morgan,2024-08-19,Food,54134.28,Debit Card,Harperberg
TXN0815,Jeffrey Gomez,2024-12-12,Bills,11765.45,UPI,Williamsberg
TXN0816,Connie Thompson,2024-02-24,Salary,59106.96,UPI,East Jacobburgh
TXN0817,James Rodriguez,2024-10-23,Shopping,59451.66,UPI,Lake Daniellefort
TXN0818,Nancy Ochoa,2024-04-01,Travel,5225.08,Credit Card,Hughesland
TXN0819,John Morrow,2024-10-22,Food,59116.9,Net Banking,North Harold
TXN0820,Gina Ritter,2024-01-08,Travel,26976.68,Net Banking,Anthonyview
TXN0821,Eric Cardenas,2024-02-28,Salary,51158.08,Debit Card,Jasonland
TXN0822,Glenn Jenkins,2024-11-06,Investment,93970.37,Credit Card,Pottston
TXN0823,Sarah Walker,2024-03-14,Rent,97694.02,UPI,South Denise
TXN0824,Brenda Watkins,2024-03-12,Travel,64654.89,UPI,Archershire
TXN0825,Cynthia Guzman,2024-01-10,Investment,24188.28,Debit Card,Wallacemouth
TXN0826,Eric Phillips,2024-05-18,Shopping,41787.42,Credit Card,East Robertbury
TXN0827,Jamie Carpenter,2024-12-11,Shopping,20303.75,UPI,Lake Charles
TXN0828,Taylor Taylor,2024-05-31,Investment,52523.46,UPI,Murphyborough
TXN0829,Beth Valentine,2024-07-24,Rent,37196.05,Cash,North Amanda
TXN0830,William Rodriguez,2024-02-18,Travel,4275.04,Credit Card,Shelbyberg
TXN0831,Bradley Miller,2024-11-10,Shopping,6236.5,Net Banking,Jodiland
TXN0832,Monica Villanueva,2024-12-18,Bills,61386.48,Net Banking,Riveraville
TXN0833,Kevin Jones,2024-09-23,Rent,12500.06,UPI,West Jessicastad
TXN0834,Melissa Jacobson,2024-07-10,Investment,65119.08,Cash,Lake Joshuastad
TXN0835,Frank Ayala,2024-04-20,Rent,80085.18,Net Banking,Martinmouth
TXN0836,Christina Anderson,2024-07-20,Bills,36596.15,Cash,East Katherineside
TXN0837,Nancy Roberts,2024-07-27,Healthcare,72059.95,Credit Card,West April
TXN0838,Nicole Mccoy,2024-05-15,Salary,84739.47,Debit Card,East Mollytown
TXN0839,Megan Martinez,2024-09-02,Healthcare,79929.48,UPI,Simonstad
TXN0840,Donna Flores,2024-08-24,Bills,4524.63,Cash,West Cheryl
TXN0841,Sean Villanueva,2024-01-01,Food,2503.06,UPI,Goodwinville
TXN0842,Ashley Charles,2024-01-04,Rent,815.76,Cash,Port Kellyfort
TXN0843,Kelly Mcguire,2024-08-10,Shopping,30779.51,Credit Card,Carpenterhaven
TXN0844,Janet Smith,2024-09-28,Travel,76845.24,Cash,East Christopherbury
TXN0845,Brian Melendez,2024-01-11,Salary,55763.54,Cash,Wadeshire
TXN0846,Joann Wood,2024-03-13,Shopping,16028.87,Cash,Jasonland
TXN0847,Bobby West,2024-04-18,Bills,56769.44,Debit Card,North John
TXN0848,Michelle Mason,2024-04-17,Travel,81621.02,UPI,Port William
TXN0849,Steven Jones,2024-08-18,Travel,9270.82,UPI,Pageborough
TXN0850,Barry Martinez,2024-10-25,Bills,86837.44,Debit Card,Lake Nancy
TXN0851,Jared Brewer Jr.,2024-05-28,Investment,44450.88,UPI,South Tinabury
TXN0852,Adam Maldonado,2024-11-07,Food,58824.12,Net Banking,Brookshaven
TXN0853,Melissa Peterson,2024-06-25,Bills,6274.92,Cash,Romeromouth
TXN0854,Wanda Horton,2024-12-02,Rent,42662.32,Cash,Port Ralph
TXN0855,Crystal Mora,2024-06-07,Healthcare,14076.78,Net Banking,Joshuafort
TXN0856,Jay Bass,2024-01-20,Food,18543.41,UPI,New Roymouth
TXN0857,April Macdonald,2024-08-16,Investment,73132.54,Net Banking,Connormouth
TXN0858,Andre Ritter,2024-05-11,Travel,59068.27,Credit Card,Thompsonhaven
TXN0859,Elizabeth Morales,2024-02-15,Bills,62287.95,Net Banking,Richardchester
TXN0860,Sarah Escobar,2024-08-28,Rent,80333.08,UPI,Lake Ryanmouth
TXN0861,Tyler Murphy,2024-03-13,Salary,51737.47,Net Banking,Ashleyville
TXN0862,Amy Howell,2024-01-07,Rent,2236.74,Cash,Angelatown
TXN0863,Christine Reed,2024-01-29,Salary,31594.08,Cash,New Andrewmouth
TXN0864,Jacob Mathews,2024-01-30,Shopping,53661.37,Cash,Lake Brooketown
TXN0865,Eric Weeks,2024-08-24,Bills,73521.74,Cash,Hardytown
TXN0866,Jim Smith,2024-06-30,Healthcare,47845.77,Cash,New Tracieview
TXN0867,Carolyn Lewis,2024-01-14,Salary,74170.97,UPI,Lake Arthur
TXN0868,Robin Thompson,2024-11-23,Investment,38067.34,Credit Card,Lake Brenda
TXN0869,James Miller,2024-07-07,Salary,89627.61,UPI,Port Jennifermouth
TXN0870,Matthew Jones,2024-07-30,Travel,90006.16,UPI,South Charleston
TXN0871,Dennis Travis,2024-07-16,Shopping,60972.41,Net Banking,Brianmouth
TXN0872,Gary Harrington,2024-09-12,Rent,6236.76,UPI,New Michaelmouth
TXN0873,Carrie Stevens,2024-10-20,Food,2301.77,Credit Card,Paulfort
TXN0874,Amy Peterson,2024-08-07,Healthcare,73155.88,Debit Card,Scottside
TXN0875,Marvin Boone,2024-01-20,Food,68809.01,UPI,Webertown
TXN0876,Charlene Martin,2024-08-01,Salary,3526.93,UPI,East Zoe
TXN0877,Haley Nash,2024-07-16,Travel,30885.08,Debit Card,East Lauren
TXN0878,Sara Walker,2024-07-21,Food,85108.44,Cash,Moonstad
TXN0879,Jo Moore,2024-03-05,Healthcare,20459.91,UPI,Charlesmouth
TXN0880,Scott Kaufman,2024-09-24,Food,80087.95,Net Banking,Meyerfort
TXN0881,David Copeland,2024-08-13,Food,59346.7,UPI,Maryville
TXN0882,Derek Washington,2024-01-05,Healthcare,24587.22,Debit Card,North Malikberg
TXN0883,Dana Cooper,2024-09-02,Shopping,4354.89,UPI,New Matthewhaven
TXN0884,Kyle Harvey,2024-11-28,Shopping,62874.09,Cash,Leefurt
TXN0885,Jacob Howe,2024-07-02,Healthcare,83780.19,Credit Card,Robertshaven
TXN0886,David Lewis,2024-06-17,Healthcare,26143.75,Net Banking,West Leahbury
TXN0887,Andrew Mason,2024-12-01,Shopping,54387.2,Credit Card,Blackwellfurt
TXN0888,Alexander Mitchell,2024-01-20,Healthcare,24275.46,Credit Card,Diazside
TXN0889,Karen Johnson,2024-02-13,Food,58401.4,UPI,Port Michael
TXN0890,Donna Jones,2024-09-21,Travel,261.61,Cash,West David
TXN0891,Rebecca James,2024-12-02,Investment,45978.92,Credit Card,North Keith
TXN0892,Susan Davis,2024-07-17,Food,23646.46,Net Banking,Ricardotown
TXN0893,Jessica Thompson,2024-06-07,Salary,24261.13,Cash,Floreston
TXN0894,Mikayla Smith,2024-04-09,Travel,75093.42,Debit Card,West Mariaport
TXN0895,Tricia Ochoa,2024-05-24,Travel,92706.1,UPI,Dillonborough
TXN0896,Kevin Yang,2024-07-19,Salary,34366.47,Credit Card,Maryfort
TXN0897,Robert Murray,2024-07-22,Healthcare,62279.95,Cash,Lake Jamesborough
TXN0898,James Reed,2024-04-09,Shopping,35927.79,Cash,Lake Christopherview
TXN0899,Jennifer Becker,2024-12-16,Investment,82700.06,Cash,Port Todd
TXN0900,Jeremy Foster,2024-01-01,Food,9635.88,UPI,Anthonyburgh
TXN0901,Amy Rasmussen,2024-12-06,Food,94050.71,Debit Card,Adamsmouth
TXN0902,Daniel Lee,2024-02-17,Bills,2775.76,Debit Card,Lake Janetborough
TXN0903,Dr. Dominique Morris MD,2024-09-15,Rent,58554.81,Credit Card,West Danielle
TXN0904,Douglas Farrell,2024-08-09,Salary,55456.31,UPI,Riverstown
TXN0905,Andrea Thomas,2024-02-09,Investment,90173.04,Debit Card,Sheltonton
TXN0906,Mr. Stephen Williams,2024-05-22,Shopping,53967.64,Debit Card,Jacksonberg
TXN0907,Angela Fernandez,2024-11-17,Shopping,80718.9,Debit Card,Lake George
TXN0908,Christopher Jackson,2024-11-13,Rent,6731.44,UPI,East Mitchellview
TXN0909,James Gonzalez MD,2024-01-08,Healthcare,76921.71,Net Banking,Port Danielberg
TXN0910,Kayla Watts,2024-08-24,Salary,82190.21,Debit Card,Port Brian
TXN0911,Caitlin Jones,2024-07-13,Food,87231.95,Net Banking,South Deannaport
TXN0912,Emily Lynch,2024-05-15,Rent,79315.68,Net Banking,Port Jasontown
TXN0913,Christina Dorsey,2024-02-27,Healthcare,95224.71,UPI,Susanville
TXN0914,Robert Smith,2024-03-01,Investment,36654.36,Debit Card,Port Kennethmouth
TXN0915,Samantha Baker,2024-01-28,Shopping,46569.02,Cash,Stacyfort
TXN0916,Brandon Wiley,2024-11-15,Rent,15850.4,Credit Card,Ramosmouth
TXN0917,Connor Hall,2024-01-02,Healthcare,8503.19,Credit Card,North Carlachester
TXN0918,Seth Irwin,2024-02-29,Food,23456.06,Net Banking,Ryanburgh
TXN0919,Nicholas Castillo,2024-01-27,Shopping,33507.89,Debit Card,Villaport
TXN0920,Tamara Kramer,2024-04-01,Healthcare,72925.91,Credit Card,South Patrickberg
TXN0921,Holly Harrison,2024-06-14,Bills,9467.89,Debit Card,Thompsonport
TXN0922,Joanne Gill,2024-09-18,Salary,85045.91,UPI,Johnburgh
TXN0923,Julie Miller,2024-09-03,Travel,50980.02,Debit Card,Brownfurt
TXN0924,Keith Lynch,2024-06-23,Healthcare,52057.41,Credit Card,East Jessica
TXN0925,Jill Martin,2024-04-22,Travel,77388.3,UPI,Snowport
TXN0926,Jessica Palmer,2024-09-25,Healthcare,57589.47,Net Banking,South Austin
TXN0927,Carolyn Douglas,2024-06-20,Healthcare,33494.22,Net Banking,Jefferytown
TXN0928,Stacy Romero,2024-11-23,Food,1827.52,Debit Card,Brianaport
TXN0929,John Matthews,2024-01-21,Salary,8969.15,UPI,South Danielmouth
TXN0930,Kathy Rice,2024-10-26,Salary,56513.2,UPI,East Sarah
TXN0931,Krystal Gardner,2024-04-05,Shopping,11406.84,Net Banking,North Elizabeth
TXN0932,Colin Brown,2024-02-01,Food,12240.79,Net Banking,Lake Joshuastad
TXN0933,Evan Parker,2024-12-06,Shopping,7658.21,Credit Card,West Stephen
TXN0934,Ronald Watts,2024-04-20,Travel,93389.58,Net Banking,Michelefurt
TXN0935,Shane Smith,2024-11-10,Shopping,41843.3,UPI,Morganfort
TXN0936,Mary Le,2024-11-20,Investment,20708.43,Net Banking,Reginaberg
TXN0937,Leah Smith,2024-07-06,Food,19175.3,Credit Card,East Andrewfort
TXN0938,James Arias,2024-01-27,Healthcare,10868.27,Net Banking,East Heather
TXN0939,Justin Brady,2024-01-17,Healthcare,37376.55,Net Banking,West Stephaniefort
TXN0940,Joseph Acosta,2024-03-30,Travel,72678.86,Cash,Greenshire
TXN0941,Sharon Mcpherson,2024-02-22,Bills,19054.02,Debit Card,New Claudia
TXN0942,Jack Mack,2024-08-19,Bills,95253.07,Debit Card,East Laurenchester
TXN0943,James Fitzpatrick,2024-12-23,Healthcare,47147.81,Debit Card,East Adam
TXN0944,Benjamin Bryant,2024-04-06,Bills,25231.48,Debit Card,North Richardport
TXN0945,Kathy Curtis,2024-02-05,Healthcare,26554.3,Credit Card,Port Sandratown
TXN0946,James King,2024-06-22,Food,27422.89,Cash,New Michaelfurt
TXN0947,Mark Walker,2024-04-17,Bills,98408.05,Credit Card,Perezmouth
TXN0948,Vincent Reid,2024-11-09,Rent,91553.6,Credit Card,North Michaelside
TXN0949,Michael Beasley,2024-08-13,Food,2801.75,Cash,Port Michael
TXN0950,Alicia Espinoza,2024-02-08,Bills,82379.97,Net Banking,Alvaradofurt
TXN0951,Michelle Johnston,2024-05-14,Salary,54616.63,UPI,Montgomeryborough
TXN0952,Alexander Hughes,2024-09-13,Shopping,13469.54,Debit Card,North Sheila
TXN0953,Holly Shepard,2024-08-05,Healthcare,25624.97,Cash,Hughesside
TXN0954,Dr. Gary Manning DDS,2024-12-31,Healthcare,18059.26,Net Banking,New Pamelafort
TXN0955,Amy Wright,2024-01-30,Investment,43698.31,Net Banking,Fletcherport
TXN0956,Jennifer Wagner,2024-06-11,Salary,51039.85,Debit Card,Port Anthony
TXN0957,Lori Nelson,2024-01-28,Rent,61449.19,Cash,Lake Charles
TXN0958,Dr. Bruce James Jr.,2024-09-12,Investment,28352.85,Credit Card,New Josefurt
TXN0959,Angela Lowe,2024-05-24,Rent,13231.97,Net Banking,Port Travis
TXN0960,Jeremiah Beard,2024-05-23,Shopping,57567.11,Net Banking,East Henry
TXN0961,Christina Lee,2024-06-12,Rent,52744.75,UPI,North Seanmouth
TXN0962,David Boone,2024-01-28,Healthcare,60534.34,UPI,Ballardbury
TXN0963,Laurie Alexander,2024-11-06,Investment,53744.58,Credit Card,Alexanderhaven
TXN0964,Robert Johnson,2024-10-21,Investment,43099.69,Credit Card,Port Brett
TXN0965,Blake Reyes,2024-10-18,Healthcare,19903.46,Debit Card,Lucasside
TXN0966,Dennis Harrington,2024-09-18,Shopping,29416.41,Debit Card,Samuelburgh
TXN0967,Haley Bates,2024-05-26,Travel,11347.09,Cash,Hendersonport
TXN0968,Antonio Medina,2024-10-22,Shopping,88794.3,Net Banking,Aliciahaven
TXN0969,Alexis Anderson,2024-09-18,Shopping,92682.31,Net Banking,Carterville
TXN0970,Christine Robertson,2024-09-06,Shopping,17805.24,Net Banking,Kingshire
TXN0971,Brittany Brewer,2024-05-13,Healthcare,56236.73,Debit Card,Cassandratown
TXN0972,Sandra Young,2024-06-28,Healthcare,13282.39,Net Banking,Mercershire
TXN0973,Paul Rowe,2024-05-31,Shopping,60951.36,Debit Card,West Travis
TXN0974,Douglas Hendrix,2024-07-30,Bills,81895.51,UPI,Woodland
TXN0975,Jerry Wilson,2024-01-18,Healthcare,5756.38,Cash,Tinaview
TXN0976,Christopher King,2024-12-24,Bills,34897.96,Cash,Williamstad
TXN0977,Scott Brown MD,2024-04-09,Food,78129.48,Debit Card,Claytonstad
TXN0978,Brian Stevens,2024-10-26,Travel,45421.39,Cash,New Logan
TXN0979,Carolyn Velazquez,2024-09-29,Salary,74375.63,Credit Card,Harrisonmouth
TXN0980,Carla Baker,2024-09-29,Healthcare,80792.84,UPI,South Donna
TXN0981,Susan Weeks,2024-01-07,Salary,53103.12,UPI,Jenkinsville
TXN0982,John Martinez,2024-12-23,Investment,66082.9,UPI,New Johnton
TXN0983,Deanna Joseph,2024-10-07,Shopping,96111.42,Credit Card,New Amandastad
TXN0984,Vanessa Jones,2024-07-14,Healthcare,83337.77,Cash,Randyside
TXN0985,Ronald Keller,2024-07-15,Investment,54237.32,Cash,East Joeville
TXN0986,Courtney Frederick,2024-02-12,Bills,94618.49,Credit Card,Haleyville
TXN0987,Mr. Daniel Erickson,2024-02-10,Travel,80745.66,Cash,Port James
TXN0988,Edwin Baker,2024-02-02,Bills,4231.16,UPI,New Elizabeth
TXN0989,David Brown,2024-08-23,Salary,44663.68,UPI,Matthewmouth
TXN0990,Sara Walker,2024-11-18,Investment,26808.83,Debit Card,Robinborough
TXN0991,Victoria Ortiz,2024-07-14,Travel,94690.62,Credit Card,Ballmouth
TXN0992,Anne Meyer,2024-11-23,Shopping,11799.86,Cash,Lake Alexaport
TXN0993,Manuel Maynard,2024-05-19,Food,89551.21,Credit Card,Mooreton
TXN0994,Terry Wilkerson,2024-07-09,Healthcare,33695.34,Cash,Lucasshire
TXN0995,Frank Munoz,2024-11-28,Salary,98486.33,UPI,Nicolefort
TXN0996,Steven Vargas,2024-08-16,Healthcare,45129.47,Credit Card,Meghanton
TXN0997,Laurie Holland,2024-01-29,Shopping,32283.5,Net Banking,Robinfort
TXN0998,Patricia Phillips,2024-03-25,Healthcare,26395.47,Credit Card,Perezland
TXN0999,Christian Hicks,2024-11-24,Healthcare,18079.44,Cash,Rowefort
TXN1000,Stephanie Thomas,2024-08-30,Rent,42533.8,Credit Card,Holmesbury
